web-scraper-order,web-scraper-start-url,tag,date,title
"1576034484-606","https://www.ettoday.net/news/news-list.htm","健康","2019/12/10 14:22","菇類長白毛！專家解答「菌絲or發霉」...遇1情況＝別再吃了"
"1576034484-409","https://www.ettoday.net/news/news-list.htm","社會","2019/12/10 17:26","北上送貨遇死劫！運將拋飛倖存　妻女燒成焦屍剩他獨活...家屬忍痛赴桃殯指認"
"1576034484-672","https://www.ettoday.net/news/news-list.htm","時尚","2019/12/10 12:47","提著高調又閃亮！Rimowa限量金色手提箱　上班族還不趕快買起來"
"1576034484-726","https://www.ettoday.net/news/news-list.htm","寵物動物","2019/12/10 11:50","太胖怕滑倒受傷！暖爸抱惡霸犬「嬰兒學走路」　扭屁股超萌Q"
"1576034484-500","https://www.ettoday.net/news/news-list.htm","社會","2019/12/10 16:01","「12小時班」沒加班費！血汗護理師離職提告　新竹國泰醫院要賠15萬"
"1576034484-53","https://www.ettoday.net/news/news-list.htm","生活","2019/12/11 10:25","校園轉型正義首例！名醫唐心北驟逝...陽明大撤大過並納校史"
"1576034484-193","https://www.ettoday.net/news/news-list.htm","政治","2019/12/10 23:17","挺藍同志祁家威表態支持蔡英文　區域立委保住蔣萬安、林奕華"
"1576034484-257","https://www.ettoday.net/news/news-list.htm","政治","2019/12/10 20:53","批民進黨拿國家資源打選戰　韓國瑜：2020是乞丐與王子的戰爭"
"1576034484-513","https://www.ettoday.net/news/news-list.htm","房產雲","2019/12/10 15:52","越老越值錢！全台「身價最高」國宅屋主持有5年　轉手大賺千萬"
"1576034484-609","https://www.ettoday.net/news/news-list.htm","政治","2019/12/10 14:18","親民黨全國競選總部成立　郭台銘：恭喜宋楚瑜一馬當先"
"1576034484-331","https://www.ettoday.net/news/news-list.htm","時尚","2019/12/10 19:01","謝佳見酒後「故意」四腳朝天摔跤　自誇可愛連簡廷芮都讚看到另一面"
"1576034484-551","https://www.ettoday.net/news/news-list.htm","社會","2019/12/10 15:14","歲末電商購物節夯！　刑事局「防詐三招」讓詐騙集團退散"
"1576034484-108","https://www.ettoday.net/news/news-list.htm","財經","2019/12/11 08:50","美股漲跌互見 　台指期開盤下跌24點"
"1576034484-253","https://www.ettoday.net/news/news-list.htm","健康","2019/12/10 21:01","不只內蒙古鼠疫！中國大陸福建、安徽爆H9N2新A流病例"
"1576034484-533","https://www.ettoday.net/news/news-list.htm","政治","2019/12/10 15:32","票投小黨是浪費？時力嗆民進黨：一定會過5%、黃國昌留國會是共識"
"1576034484-325","https://www.ettoday.net/news/news-list.htm","影劇","2019/12/10 19:09","SEVENTEEN確定五度來台！　229「林口開唱」陪克拉過連假"
"1576034484-49","https://www.ettoday.net/news/news-list.htm","社會","2019/12/11 10:35","地面滑行擦出一道火花　車屁股挨撞！機車瞬間「街頭火球」成廢鐵"
"1576034484-651","https://www.ettoday.net/news/news-list.htm","影劇","2019/12/10 13:16","高爾宣、ØZI過年嗨炸《紅白》！　登巨蛋超緊張...曝新專輯進度"
"1576034484-286","https://www.ettoday.net/news/news-list.htm","體育","2019/12/10 19:51","空手道小清新文姿云　過年展開60天長征拚奧運"
"1576034484-33","https://www.ettoday.net/news/news-list.htm","政治","2019/12/11 10:51","比蔣萬安、吳怡農還強！陳玉珍夾手「網路聲量直衝第一」　黃昭順擠入前五"
"1576034484-299","https://www.ettoday.net/news/news-list.htm","社會","2019/12/10 19:38","調查局推新一代看板娘　樂團女主唱破億元吸金案…逛PTT黃國昌臉書挖線索"
"1576034484-63","https://www.ettoday.net/news/news-list.htm","社會","2019/12/11 10:18","醉客喝茫盧帳單遭店家「冰桶」洗臉！這一下…爆頭滿臉「血瀑布」"
"1576034484-600","https://www.ettoday.net/news/news-list.htm","社會","2019/12/10 14:32","桃園台7線砂石車自撞分隔島　路燈應聲倒！又是酒駕肇事"
"1576034484-710","https://www.ettoday.net/news/news-list.htm","3C家電","2019/12/10 12:04","Google更新升級ARCore　讓擴增實境（AR）更生動更真實！"
"1576034484-376","https://www.ettoday.net/news/news-list.htm","保險","2019/12/10 18:04","幼童10月大「三度受暴」遭打到骨折！永達連續8年義賣紅包　募128萬幫助弱勢孩兒"
"1576034484-382","https://www.ettoday.net/news/news-list.htm","大陸","2019/12/10 17:56","華聞快遞／進一步開發國際市場！海南大力發展花卉產業"
"1576034484-591","https://www.ettoday.net/news/news-list.htm","影劇","2019/12/10 14:40","獨家直擊／王力宏現身高以翔靈堂！　神情哀痛「8年前曾一起當伴郎」"
"1576034484-230","https://www.ettoday.net/news/news-list.htm","地方","2019/12/10 21:38","台南市警局工友剪樹摔重傷　警長周幼偉探視慰問助度難關"
"1576034484-398","https://www.ettoday.net/news/news-list.htm","生活","2019/12/10 17:43","導航機訊號飄n條街！朋友見狀「現在都用手機」印腦海　他求證：真的嗎"
"1576034484-418","https://www.ettoday.net/news/news-list.htm","健康","2019/12/10 17:22","「癌末總舖師」因病淚別廚房　「醫院辦桌」圓夢：拿起鍋鏟就充滿力氣"
"1576034484-658","https://www.ettoday.net/news/news-list.htm","旅遊","2019/12/10 13:02","曼谷BTS淺綠色線全新4車站啟用　即日起免費搭到明年1月2日"
"1576034484-620","https://www.ettoday.net/news/news-list.htm","房產雲","2019/12/10 14:04","房仲信心找回來！2年展店超過300間　桃園擴展最迅速"
"1576034484-312","https://www.ettoday.net/news/news-list.htm","政治","2019/12/10 16:07","藍委要「蘇貞昌踹共」！政院接陳情書：3天內答覆"
"1576034484-581","https://www.ettoday.net/news/news-list.htm","政治","2019/12/10 14:47","選舉奧步！　民調抹黑張瀚天　警方鎖定1家民調公司追查"
"1576034484-129","https://www.ettoday.net/news/news-list.htm","影劇","2019/12/11 07:21","名模結婚不到1年慘遭家暴…不滿10月雙胞胎「目睹全程」！　老公：我那天失憶"
"1576034484-531","https://www.ettoday.net/news/news-list.htm","大陸","2019/12/10 15:33","傳密會落選區議員！林鄭月娥認「區選建制敗與政府有關」：不會變陌路人"
"1576034484-460","https://www.ettoday.net/news/news-list.htm","時尚","2019/12/10 16:40","女神艾瑪華森一頭亂髮亮相首映　「中毒唇仙氣全散」粉絲超崩潰"
"1576034484-721","https://www.ettoday.net/news/news-list.htm","社會","2019/12/10 11:54","快訊／台七線桃園羅浮卡車翻覆！　砂石散落一地"
"1576034484-365","https://www.ettoday.net/news/news-list.htm","國際","2019/12/10 18:21","紐西蘭火山爆發增至6死　官員曝：燒燙傷病房全滿床「多人命危」！"
"1576034484-512","https://www.ettoday.net/news/news-list.htm","地方","2019/12/10 15:53","世界展望會台東地區反霸凌宣導　兒童透過遊戲學習自我保護"
"1576034484-419","https://www.ettoday.net/news/news-list.htm","房產雲","2019/12/10 17:22","半夜11點「洗衣很沒品」？401租客貼紙條秀下限　租屋哥爆氣：妳12點才洗"
"1576034484-163","https://www.ettoday.net/news/news-list.htm","網搜","2019/12/11 01:15","大媽撞車想直接騎走…被攔停竟暴怒狂罵　「離譜態度」讓萬名網友怒了"
"1576034484-619","https://www.ettoday.net/news/news-list.htm","政治","2019/12/10 14:04","便當盒之亂！賴惠員控送塑膠盒是賄選　蔡育輝：你送鐵便當我都沒講你"
"1576034484-499","https://www.ettoday.net/news/news-list.htm","時尚","2019/12/10 16:02","「穿襪睡覺」保暖又可治失眠　2重點要注意不然更慘"
"1576034484-250","https://www.ettoday.net/news/news-list.htm","體育","2019/12/10 21:02","追風女俠陳宇璿愛心不落人後　拼破馬拉松PB不忘做善事"
"1576034484-245","https://www.ettoday.net/news/news-list.htm","影劇","2019/12/10 21:11","金球獎話題-2／史上最年輕影帝入圍者！12歲童星「超狂家庭背景」曝光"
"1576034484-223","https://www.ettoday.net/news/news-list.htm","影劇","2019/12/10 21:49","驚！愛紗被按摩師要求全裸　按到一半「內褲遭硬扯掉」"
"1576034484-148","https://www.ettoday.net/news/news-list.htm","國際","2019/12/11 05:24","影／美澤西市槍擊4死3傷　2槍手「埋伏雜貨店」掃射...被制伏後身亡"
"1576034484-775","https://www.ettoday.net/news/news-list.htm","生活","2019/12/10 11:06","夢中白淨男孩「我是妳兒子！」　她生完滿月得知巧合數字：彌補多年缺憾"
"1576034484-361","https://www.ettoday.net/news/news-list.htm","政治","2019/12/10 18:25","陸海空軍武器皆入列　國軍2020形象月曆超吸睛"
"1576034484-762","https://www.ettoday.net/news/news-list.htm","政治","2019/12/10 11:15","立院三讀／國家電影中心法制化　2021年永久落腳新莊"
"1576034484-244","https://www.ettoday.net/news/news-list.htm","大陸","2019/12/10 21:14","拇指寬可愛小蛇當寵物！養4年爆肥「模樣崩壞」　他驚嚇：怎麼長這樣"
"1576034484-639","https://www.ettoday.net/news/news-list.htm","影劇","2019/12/10 13:30","小嫻隔6年跳鋼管「全身體無完膚」　踩15公分高跟鞋狂轉：我要吞暈車藥"
"1576034484-475","https://www.ettoday.net/news/news-list.htm","國際","2019/12/10 16:23","肯德基推出「有炸雞香味」木柴！加了11種香料...一天就賣光"
"1576034484-725","https://www.ettoday.net/news/news-list.htm","社會","2019/12/10 11:50","苗栗外籍移工屋內烤火取暖「窗開一小縫」　4人一氧化碳中毒1昏迷"
"1576034484-706","https://www.ettoday.net/news/news-list.htm","時尚","2019/12/10 12:08","安格斯12星座一周運勢12/9-12/15　牡羊有開心事降臨、水瓶準備告別單身"
"1576034484-722","https://www.ettoday.net/news/news-list.htm","大陸","2019/12/10 11:54","華聞快遞／大陸11月CPI年增率漲4.5%：豬肉價格是主因　上漲勢頭已減弱"
"1576034484-264","https://www.ettoday.net/news/news-list.htm","網搜","2019/12/10 20:38","尾牙菜單超心酸！KTV一桌700元吃「10道小菜」　員工傻眼：難怪一半人不去"
"1576034484-547","https://www.ettoday.net/news/news-list.htm","政治","2019/12/10 15:16","蔡正元公開呼籲「杯葛謝震武」　怒批討好綠營抓韓國瑜小辮子狂轟猛炸"
"1576034484-747","https://www.ettoday.net/news/news-list.htm","ET車雲","2019/12/10 11:30","商用車安全性能全面提升！20年冠軍中華菱利讓頭家安心拚事業"
"1576034484-436","https://www.ettoday.net/news/news-list.htm","生活","2019/12/10 17:04","一次休4個月！15年跑船哥「月薪90K」想考公職　現實面惹心酸...網狂勸退"
"1576034484-715","https://www.ettoday.net/news/news-list.htm","生活","2019/12/10 11:59","高雄國旅補助效益第4！帶動逾10億消費　林佳龍酸「市長放韓假我來幫忙」"
"1576034484-736","https://www.ettoday.net/news/news-list.htm","寵物動物","2019/12/10 11:39","汪汪被包成傷患犬！轉頭「尷尬臉」笑翻全家人　哥曝老媽怕冷藝術"
"1576034484-319","https://www.ettoday.net/news/news-list.htm","寵物動物","2019/12/10 16:03","拔麻放閃自拍情侶照！　「單身柴」亂入緊扣小腿：抱抱我好嗎？"
"1576034484-434","https://www.ettoday.net/news/news-list.htm","健康","2019/12/10 17:05","小心變爆米花肺！抽電子煙＝「狂吸致癌物」比紙菸毒　同空間也遭殃"
"1576034484-372","https://www.ettoday.net/news/news-list.htm","生活","2019/12/10 18:11","台灣診所看病！　日作家見「診間亮點」陷回憶：好像回到昭和年代"
"1576034484-107","https://www.ettoday.net/news/news-list.htm","國際","2019/12/11 08:52","火山噴發後畫面曝！懷特島變「整片死白」　救援隊：像核爆炸過"
"1576034484-290","https://www.ettoday.net/news/news-list.htm","軍武","2019/12/10 19:47","新加坡加強與美合作　將設關島第四支戰鬥機訓練分遣隊"
"1576034484-700","https://www.ettoday.net/news/news-list.htm","體育","2019/12/10 12:15","CBA／唱國歌低頭被罰1萬人民幣　亞布塞萊道歉了"
"1576034484-270","https://www.ettoday.net/news/news-list.htm","健康","2019/12/10 20:29","每天吃2份臭豆腐！他肚痛排茶尿…醫一照「好多顆陰影」驚：是惡性的"
"1576034484-350","https://www.ettoday.net/news/news-list.htm","影劇","2019/12/10 18:38","謝忻新節目被腰斬！　「金主抽腿不錄」銀根斷…生計出問題"
"1576034484-208","https://www.ettoday.net/news/news-list.htm","時尚","2019/12/10 22:20","打火機變手拿包、棒球帽大到像安全帽　Moschino地鐵車廂辦秀超浮誇"
"1576034484-517","https://www.ettoday.net/news/news-list.htm","影劇","2019/12/10 15:49","劉冠廷曾之喬攻賀歲檔　「邊殺人邊談戀愛」...炸出反差萌"
"1576034484-610","https://www.ettoday.net/news/news-list.htm","政治","2019/12/10 14:16","黃昭順嗆「不屑」握手影片　郭新政PO網...觸及人數竟破1百萬"
"1576034484-717","https://www.ettoday.net/news/news-list.htm","體育","2019/12/10 11:56","喬治返溜馬主場被噓「爛透了」　PG轟36+9比「閉嘴」手勢擊落前東家"
"1576034484-166","https://www.ettoday.net/news/news-list.htm","國際","2019/12/11 00:54","21歲櫻花妹狂捅牛郎男友！2人黑暗過去曝光　她聽完判決跪著哭了"
"1576034484-471","https://www.ettoday.net/news/news-list.htm","健康","2019/12/10 16:26","忽略前2次胸悶！他最後發病「瞬間沒心跳」倒地...醫籲：提早把握警訊"
"1576034484-751","https://www.ettoday.net/news/news-list.htm","社會","2019/12/10 11:26","酒駕逆向撞死人肇逃還找父親頂罪　爸寶男判刑1年半定讞"
"1576034484-504","https://www.ettoday.net/news/news-list.htm","生活","2019/12/10 15:59","聯誼超衰籤運！淡妝妹被逼「交出正妹閨蜜IG」　憤世哥狂密秀下限...結局療癒"
"1576034484-627","https://www.ettoday.net/news/news-list.htm","影劇","2019/12/10 13:52","邵翔為工作提議「暫時分開」　小蠻笑打槍：你忍得住嗎！"
"1576034484-633","https://www.ettoday.net/news/news-list.htm","健康","2019/12/10 13:35","車禍致「絞刑式骨折」險癱！醫警告「沒繫安全帶」風險高：2運動也是"
"1576034484-425","https://www.ettoday.net/news/news-list.htm","社會","2019/12/10 17:15","聖誕老人也行搶？年關近蘆洲警演練圍捕　車牌辨識系統立大功"
"1576034484-718","https://www.ettoday.net/news/news-list.htm","影劇","2019/12/10 11:55","《長江七號》惡霸小胖11年後絕美變身！　「美少女近照」曝光…網見驚人落差傻了"
"1576034484-514","https://www.ettoday.net/news/news-list.htm","社會","2019/12/10 15:51","爭取團聚時光「帶妻小一起送貨」！貨櫃車運將是靠行司機　接件計酬養家"
"1576034484-621","https://www.ettoday.net/news/news-list.htm","寵物動物","2019/12/10 14:03","猛男歐告趴牆...意外捕捉「大胸細腰」！　網驚：有健身？"
"1576034484-424","https://www.ettoday.net/news/news-list.htm","寵物動物","2019/12/10 17:16","鼠鼠屁股後面「長肉瘤」　飼主急死卻被店家回應嚇傻：那麼大？"
"1576034484-141","https://www.ettoday.net/news/news-list.htm","大陸","2019/12/11 06:30","解讀「26條措施」　國台辦今起連辦兩場專題記者會"
"1576034484-84","https://www.ettoday.net/news/news-list.htm","大陸","2019/12/11 09:52","影／警破詐騙集團　驚現「高官自稱大夫」性侵6名未成年少女"
"1576034484-764","https://www.ettoday.net/news/news-list.htm","寵物動物","2019/12/10 11:14","寒流來襲！小爪水獺塞樹洞睡覺　樹懶每天爬樹上蜷成一團"
"1576034484-569","https://www.ettoday.net/news/news-list.htm","社會","2019/12/10 15:02","藍委抗爭又爆插曲　外交部發函警局：1基層員工遭暴力推擠"
"1576034484-275","https://www.ettoday.net/news/news-list.htm","大陸","2019/12/10 20:18","原則問題！任正非願意與美政府和解：但不可能簽認罪協議"
"1576034484-159","https://www.ettoday.net/news/news-list.htm","社會","2019/12/11 01:27","1500kg木材砸爆頭！高雄女員工成肉墊「血染工廠」變形慘死　同事燒紙錢"
"1576034484-305","https://www.ettoday.net/news/news-list.htm","體育","2019/12/10 19:30","12強／對韓國無失分　張奕：羅德球場怪風幫助我"
"1576034484-334","https://www.ettoday.net/news/news-list.htm","財經","2019/12/10 18:54","不妙！海外聯貸滑鐵盧+金融市場欠佳　公股金11月獲利月減1成"
"1576034484-50","https://www.ettoday.net/news/news-list.htm","影劇","2019/12/11 10:30","恭喜！九把刀結婚2年當爸了　狂喜宣布「周亭羽懷孕」：想到就會一直笑"
"1576034484-3","https://www.ettoday.net/news/news-list.htm","政治","2019/12/11 11:17","超尷尬！上節目被10位年輕人嫌棄　韓國瑜聽到關鍵字面露凝重"
"1576034484-13","https://www.ettoday.net/news/news-list.htm","大陸","2019/12/11 11:08","反送中首宗暴動罪明年初開審　2嫌犯「逃往台灣」至今缺席"
"1576034484-484","https://www.ettoday.net/news/news-list.htm","財經","2019/12/10 16:16","智伸科11月營收年增13.72%「續創單月雙位數成長」　前11月累計已超越去年整年"
"1576034484-744","https://www.ettoday.net/news/news-list.htm","影劇","2019/12/10 11:32","年末5種人「桃花」超級旺！單身屬狗異性緣爆好　壓線脫單衝一波"
"1576034484-410","https://www.ettoday.net/news/news-list.htm","國際","2019/12/10 17:26","絕美迪士尼！日攝影師神手「放大鏡圈出精緻」　14萬網友盛讚：夢之國度"
"1576034484-478","https://www.ettoday.net/news/news-list.htm","寵物動物","2019/12/10 16:21","小白兔「百烈掌按摩」5千人萌翻：我也要！　過來人揭殘酷真相"
"1576034484-90","https://www.ettoday.net/news/news-list.htm","政治","2019/12/11 09:30","謝長廷批張善政造謠：如提出具體日期　我辭職公開道歉"
"1576034484-506","https://www.ettoday.net/news/news-list.htm","政治","2019/12/10 15:57","配偶是楊蕙如？　蔡易餘「公開身分證」提告：勝訴請大家吃雞排！"
"1576034484-62","https://www.ettoday.net/news/news-list.htm","房產雲","2019/12/11 10:18","新北買房首選汐止？　網推「林口CP值完勝」…列3大優勢：房價永和一半"
"1576034484-278","https://www.ettoday.net/news/news-list.htm","社會","2019/12/10 20:14","年薪300萬竹科男「擁50套房當包租公」　女房客晚3天繳租…他抓狂砸人"
"1576034484-618","https://www.ettoday.net/news/news-list.htm","ET車雲","2019/12/10 14:05","麥拉倫620R「最強Sport」降臨　2.9秒破百簡直是道路GT4賽車！"
"1576034484-9","https://www.ettoday.net/news/news-list.htm","影劇","2019/12/11 11:12","KKBOX 2019西洋年度百大單曲：冠軍竟是韓歌手！艾倫沃克入榜最多"
"1576034484-360","https://www.ettoday.net/news/news-list.htm","體育","2019/12/10 18:25","小聯盟球員到日韓拚回大聯盟　王維中：亞洲合約有吸引力"
"1576034484-377","https://www.ettoday.net/news/news-list.htm","寵物動物","2019/12/10 18:01","伴讀汪不認真！「壓背搔肚肚」讓哥哥尖叫笑喊：走開啦～"
"1576034484-146","https://www.ettoday.net/news/news-list.htm","生活","2019/12/11 05:57","今晨低溫10.3度變天雨區曝　周日起「連5天不像冬天」大回暖30度↑"
"1576034484-296","https://www.ettoday.net/news/news-list.htm","國際","2019/12/10 19:42","白俄與俄羅斯「加深一體化」　普丁對北約東擴「回擊」搶下主動權"
"1576034484-733","https://www.ettoday.net/news/news-list.htm","旅遊","2019/12/10 11:42","秋冬補助溫泉小旅行走起　4間關子嶺大眾池免費泡、11間湯屋現折2百"
"1576034484-71","https://www.ettoday.net/news/news-list.htm","社會","2019/12/11 10:06","大安區「3賓士狂追」馬三失控撞驚逃　雙B車主怒吼「賣造」大街開槍"
"1576034484-288","https://www.ettoday.net/news/news-list.htm","財經","2019/12/10 19:51","群益獲2019卓越證券評鑑最佳數位創新獎　致力持續發展FinTech服務"
"1576034484-738","https://www.ettoday.net/news/news-list.htm","影劇","2019/12/10 11:38","力推「女生滿18歲出門要帶保險套」！　電影製片：被性侵時可以用…3論點網氣炸罵爆"
"1576034484-405","https://www.ettoday.net/news/news-list.htm","消費","2019/12/10 17:35","趕出國超商就可24小時換外幣　萊爾富全新「外幣現鈔兌換機」 可換3幣別"
"1576034484-18","https://www.ettoday.net/news/news-list.htm","時尚","2019/12/11 11:02","聖誕傳說槲寄生樹下接吻愛一輩子　CASIO對錶直接印在面盤上"
"1576034484-690","https://www.ettoday.net/news/news-list.htm","論壇","2019/12/10 12:23","薛承泰／只有民進黨的「親中」不叫賣台"
"1576034484-72","https://www.ettoday.net/news/news-list.htm","探索","2019/12/11 10:05","空污傷身　無痛血尿是膀胱癌前兆？"
"1576034484-646","https://www.ettoday.net/news/news-list.htm","政治","2019/12/10 13:23","台中輔選洪慈庸　游錫堃：民調已經領先！要拉開距離"
"1576034484-28","https://www.ettoday.net/news/news-list.htm","國際","2019/12/11 10:53","2項彈劾條款指控總統「濫權、阻礙調查」　川普嗆可笑：獵巫！"
"1576034484-349","https://www.ettoday.net/news/news-list.htm","社會","2019/12/10 18:41","顏值肌力高雄警拚消防猛男六塊肌　女網友：好想為你生小孩"
"1576034484-759","https://www.ettoday.net/news/news-list.htm","時尚","2019/12/10 11:20","迪奧首度推出「變色美唇油」　根本是粉漾潤唇膏2.0進化版"
"1576034484-266","https://www.ettoday.net/news/news-list.htm","論壇","2019/12/10 20:33","【美國2020大選】各黨派總統候選人的對中政策是什麼？"
"1576034484-470","https://www.ettoday.net/news/news-list.htm","影劇","2019/12/10 16:28","「寵物溝通師」內幕搬上台劇！施名帥愛貓深夜狂叫…驚訝：原來聽得懂"
"1576034484-78","https://www.ettoday.net/news/news-list.htm","影劇","2019/12/11 09:59","范瑋琪低調陪伴高以翔爸「私下聚會照」曝！　合照「一致動作」惹淚崩：他都在"
"1576034484-111","https://www.ettoday.net/news/news-list.htm","影劇","2019/12/11 08:40","周冬雨「理平頭」宛如受刑人　《少年的你》霸凌情節震撼痛心"
"1576034484-696","https://www.ettoday.net/news/news-list.htm","體育","2019/12/10 12:19","高中鋁聯／莊敬遭大理逆轉無緣16強　明年挑戰木棒組"
"1576034484-407","https://www.ettoday.net/news/news-list.htm","國際","2019/12/10 17:27","3歲童許願「我想要媽媽離開上帝回我身邊」！賣場聖誕老人爆淚不做了"
"1576034484-435","https://www.ettoday.net/news/news-list.htm","ET車雲","2019/12/10 17:05","英國頭家載貨專用！三菱Outlander PHEV新增頂規商用版本"
"1576034484-552","https://www.ettoday.net/news/news-list.htm","房產雲","2019/12/10 15:13","住家旁有警局！他怕「夜晚出勤會很吵」　網看平面圖揪地雷：該擔心的是公園"
"1576034484-745","https://www.ettoday.net/news/news-list.htm","生活","2019/12/10 11:31","甜喊「95加滿，跳停」...拿簽帳卡糗炸　老妹一聽驚呆！網笑：神基因"
"1576034484-362","https://www.ettoday.net/news/news-list.htm","生活","2019/12/10 18:25","電影「賽道狂人」億元跑車款　福特GT40首度彰化亮相"
"1576034484-770","https://www.ettoday.net/news/news-list.htm","政治","2019/12/10 11:10","韓國瑜自爆被抹黃　蘇貞昌：民主反面教材應適可而止"
"1576034484-151","https://www.ettoday.net/news/news-list.htm","網搜","2019/12/11 03:03","貼心妹為了男友問「割包能切嗎」…慘遭老闆娘3句羞辱：妳大陸人？"
"1576034484-526","https://www.ettoday.net/news/news-list.htm","寵物動物","2019/12/10 15:41","媽一開門享受巨星待遇！　唯獨牠「乖坐沙發等」引關注"
"1576034484-429","https://www.ettoday.net/news/news-list.htm","體育","2019/12/10 17:13","舉重世界盃／「女神」郭婞淳越級　11日力拼女子64公斤級"
"1576034484-598","https://www.ettoday.net/news/news-list.htm","3C家電","2019/12/10 14:34","Google日曆推超方便新功能　可在日曆間輕鬆移動事件"
"1576034484-81","https://www.ettoday.net/news/news-list.htm","影劇","2019/12/11 09:55","得獎卻被改姓叫：趙立農！　陳立農「尬笑12秒」默回對…事後處理超紳士！"
"1576034484-356","https://www.ettoday.net/news/news-list.htm","時尚","2019/12/10 18:30","FENDI攜手MFK推出香味皮革包　經典黃正中少女心"
"1576034484-31","https://www.ettoday.net/news/news-list.htm","大陸","2019/12/11 10:52","106位教師參與反修例！港教育局：30個案「初步成立」將面臨懲處"
"1576034484-344","https://www.ettoday.net/news/news-list.htm","大陸","2019/12/10 18:47","男友手錶50歲阿姨送的　20歲短髮妹一句話遭毒打變熊貓"
"1576034484-99","https://www.ettoday.net/news/news-list.htm","生活","2019/12/11 09:09","星宇航空「開航3航線」班表曝光！　澳門首航4天3夜機加酒1萬2"
"1576034484-247","https://www.ettoday.net/news/news-list.htm","寵物動物","2019/12/10 21:07","米克斯化身魔術師！　頭上麵包「離奇消失」…網友全眼花"
"1576034484-171","https://www.ettoday.net/news/news-list.htm","影劇","2019/12/11 00:21","許孟哲升格人夫...舊愛張艾亞大方祝福：希望我能盡快遇到對的人！"
"1576034484-441","https://www.ettoday.net/news/news-list.htm","國際","2019/12/10 17:03","神隱4月！荒淫富商女密友傳將「上電視受訪」為安德魯王子辯護"
"1576034484-292","https://www.ettoday.net/news/news-list.htm","政治","2019/12/10 19:43","民進黨第一波募款小物出爐！　超夯「飛行夾克」12日20:20限量開搶"
"1576034484-73","https://www.ettoday.net/news/news-list.htm","ET車雲","2019/12/11 10:05","Infiniti死忠客戶想買電動車　經銷商卻給他特斯拉Model 3？"
"1576034484-345","https://www.ettoday.net/news/news-list.htm","影劇","2019/12/10 18:44","斥資1.8億台灣影集！柯震東挑戰「東方驅魔神探」　搭配王柏傑演三太子"
"1576034484-650","https://www.ettoday.net/news/news-list.htm","影劇","2019/12/10 13:19","金球獎遺珠／兩大外媒惋惜！小婦人改編電影《她們》遭「冷落」"
"1576034484-177","https://www.ettoday.net/news/news-list.htm","大陸","2019/12/11 00:03","「新的暴力層級」若發生　吳釗燮：台灣會與國際合作提供援助"
"1576034484-359","https://www.ettoday.net/news/news-list.htm","影劇","2019/12/10 18:28","EXO XIUMIN當兵中「合作音樂劇」被爆戀愛ING　對象是秀英的親姐姐"
"1576034484-560","https://www.ettoday.net/news/news-list.htm","大陸","2019/12/10 15:09","「0聘金」娶超正櫻花妹　山東男赴日工作5年....脫單還要永久定居！"
"1576034484-523","https://www.ettoday.net/news/news-list.htm","旅遊","2019/12/10 15:44","秋冬吃這最對時！　型男主廚Fred貢寮直擊當一日漁夫"
"1576034484-255","https://www.ettoday.net/news/news-list.htm","影劇","2019/12/10 20:58","雪莉最終屍檢報告出爐！　「身亡時間點曝光」…國科所證實：非藥物死亡"
"1576034484-766","https://www.ettoday.net/news/news-list.htm","生活","2019/12/10 11:13","兒子突發燒！單親媽遭刁難「事假要3天前請」　網看對話紀錄嘆：主管也兩難"
"1576034484-411","https://www.ettoday.net/news/news-list.htm","政治","2019/12/10 17:25","立院三讀將設國家人權委員會　監察院：責無旁貸"
"1576034484-423","https://www.ettoday.net/news/news-list.htm","財經","2019/12/10 17:17","主計總處：平均總薪資為4萬9169元　受僱人數增幅創近10年新低"
"1576034484-188","https://www.ettoday.net/news/news-list.htm","影劇","2019/12/10 23:29","潘若迪遭將軍老爸拿真槍抵頭！　「個位數成績」父氣炸：不斃了你對不起祖宗"
"1576034484-70","https://www.ettoday.net/news/news-list.htm","地方","2019/12/11 10:07","棗子新品種「雪麗」將上市　甜蜜略帶微酸讓人吃不膩"
"1576034484-259","https://www.ettoday.net/news/news-list.htm","國際","2019/12/10 20:47","美國會達成國防授權法共識　制裁土耳其…強勢回應北韓核武"
"1576034484-488","https://www.ettoday.net/news/news-list.htm","生活","2019/12/10 16:13","易遊網「雙12旅遊盛典」優惠超殺！飛日本東北來回機票3千有找"
"1576034484-408","https://www.ettoday.net/news/news-list.htm","消費","2019/12/10 17:27","日系快時尚斷捨離TOP1　Uniqlo高居二手拍賣熱門上架衣物"
"1576034484-561","https://www.ettoday.net/news/news-list.htm","影劇","2019/12/10 15:08","高嘉瑜18歲就被挖上吳宗憲節目！「嫩臉激似楊丞琳」　20年前舊片起底：差點變憲嫂"
"1576034484-412","https://www.ettoday.net/news/news-list.htm","國際","2019/12/10 17:25","哈佛只讀6個月就輟學！　他10年打造市值90億「南韓亞馬遜」"
"1576034484-184","https://www.ettoday.net/news/news-list.htm","國際","2019/12/10 23:34","馬斯克開Cybertruck「防彈車」　吃完壽司直接撞翻路牌！"
"1576034484-465","https://www.ettoday.net/news/news-list.htm","房產雲","2019/12/10 16:35","聖誕節試營運！麗寶打造全台最大Outlet Mall　影城、獨家精品都來了"
"1576034484-100","https://www.ettoday.net/news/news-list.htm","財經","2019/12/11 09:07","電子三雄齊開高　台股今開盤小漲7點"
"1576034484-422","https://www.ettoday.net/news/news-list.htm","體育","2019/12/10 17:18","扯！　網球職業賽出現48比0雙蛋「完全比賽」"
"1576034484-741","https://www.ettoday.net/news/news-list.htm","消費","2019/12/10 11:37","14天的婚假該去哪？親愛的，義大利度蜜月幫你們安排好了"
"1576034484-746","https://www.ettoday.net/news/news-list.htm","大陸","2019/12/10 11:30","19歲綠髮妹最後復仇！　擁抱中亮刀「割前男友10公分嘴邊肉」血噴滿地"
"1576034484-153","https://www.ettoday.net/news/news-list.htm","國際","2019/12/11 02:50","島上人類活埋全滅…只剩一隻虎班貓　紐西蘭懷特島歷史最慘噴發"
"1576034484-262","https://www.ettoday.net/news/news-list.htm","國際","2019/12/10 20:40","柏林貓熊雙胞胎出生滿百日　園方取名夢圓、夢想"
"1576034484-1","https://www.ettoday.net/news/news-list.htm","健康","2019/12/11 11:18","陳玉珍送台大急診引「立委看病特殊流程」爭議　陳時中：沒有就醫特權SOP"
"1576034484-684","https://www.ettoday.net/news/news-list.htm","旅遊","2019/12/10 12:33","不用到夜市在家也能吃到「桂花蜜冰火湯圓」　冬至小7網美湯圓第2件全6折"
"1576034484-587","https://www.ettoday.net/news/news-list.htm","國際","2019/12/10 14:41","接受骨髓移植4年　「精液含捐贈者DNA」他震驚：我好像被取代"
"1576034484-12","https://www.ettoday.net/news/news-list.htm","影劇","2019/12/11 11:08","白藝潾掰了JYP後首出輯橫掃榜單！　「《SQUARE》創韓樂史第一人紀錄」坦承：需要很大的勇氣"
"1576034484-380","https://www.ettoday.net/news/news-list.htm","生活","2019/12/10 17:57","身邊妹子一直出國！30歲OL嘆「連日本都去不了」　網正反戰：30K狂飛怎辦到"
"1576034484-276","https://www.ettoday.net/news/news-list.htm","時尚","2019/12/10 20:17","獨／遠百信義A13揭秘！　快速電梯、景觀高空露台、館內可「免提物輕鬆逛」"
"1576034484-57","https://www.ettoday.net/news/news-list.htm","國際","2019/12/11 10:21","台德建交公聽會激烈辯論！議員質疑受制中國　外交官員：保持關係不容易"
"1576034484-192","https://www.ettoday.net/news/news-list.htm","新奇","2019/12/10 23:20","彩券中了4334萬！他慘被告知「抱歉傳錯人了」　結局超展開"
"1576034484-446","https://www.ettoday.net/news/news-list.htm","房產雲","2019/12/10 16:58","獲世界級三大設計獎項肯定　高雄建案還沒開賣就成台灣之光"
"1576034484-225","https://www.ettoday.net/news/news-list.htm","生活","2019/12/10 21:46","羅友志在世新：名嘴做直播網紅是迎向潮流趨勢"
"1576034484-589","https://www.ettoday.net/news/news-list.htm","國際","2019/12/10 14:40","紐國火山爆發47死傷失蹤！遊客國籍出爐　警改口：現在啟動刑事調查還太早"
"1576034484-400","https://www.ettoday.net/news/news-list.htm","消費","2019/12/10 17:40","說走就走！2020年「長榮直飛米蘭」　民眾：太興奮了"
"1576034484-756","https://www.ettoday.net/news/news-list.htm","3C家電","2019/12/10 11:21","電子郵件可以輕鬆大批轉寄囉！G Suite推出Gmail附加郵件功能　可一次夾帶多封Email"
"1576034484-154","https://www.ettoday.net/news/news-list.htm","政治","2019/12/11 02:44","上校艦長P圖韓國瑜不雅照　劉寶傑四度崩潰：這個人捍衛海疆「我命真大」"
"1576034484-258","https://www.ettoday.net/news/news-list.htm","社會","2019/12/10 20:51","高中生借錢買9萬機車！遭設局簽156萬本票　慘背「266%重利」還被暴打嚇瘋"
"1576034484-628","https://www.ettoday.net/news/news-list.htm","財經","2019/12/10 13:48","電子三雄集體走跌　台股收盤下跌32點"
"1576034484-392","https://www.ettoday.net/news/news-list.htm","寵物動物","2019/12/10 17:46","媽媽回家衝去迎接！胖喵化身家政婦「拱背擦地板」：快稱讚我"
"1576034484-393","https://www.ettoday.net/news/news-list.htm","地方","2019/12/10 17:45","新竹市6處節電示範社區出爐　帶動節電風氣"
"1576034484-298","https://www.ettoday.net/news/news-list.htm","國際","2019/12/10 19:39","美農業部長透露川普心聲　新一輪對中關稅可能「推遲或取消」"
"1576034484-93","https://www.ettoday.net/news/news-list.htm","影劇","2019/12/11 09:18","陳建隆深夜爆粗口怒飆「陳子玄離婚原因」！　撕破臉：聽清楚這是我的家"
"1576034484-596","https://www.ettoday.net/news/news-list.htm","時尚","2019/12/10 14:35","碧昂絲斬斷性醜聞大亨　露半臀秀自營品牌與Adidas聯名衣"
"1576034484-474","https://www.ettoday.net/news/news-list.htm","財經","2019/12/10 16:23","凱基證券總座異動　副董事長Osama Abbasi接任"
"1576034484-732","https://www.ettoday.net/news/news-list.htm","政治","2019/12/10 11:45","立院大砍考試委員人數、任期　伍錦霖：遺憾但尊重"
"1576034484-467","https://www.ettoday.net/news/news-list.htm","社會","2019/12/10 16:33","遭男警壓倒在地…台聯前立委周倪安按鈴控告柯文哲「教唆傷害」！"
"1576034484-716","https://www.ettoday.net/news/news-list.htm","社會","2019/12/10 11:57","他到摩鐵不休息！持槍搶櫃檯得手2萬元　不到1天就被逮"
"1576034484-616","https://www.ettoday.net/news/news-list.htm","生活","2019/12/10 14:14","雲158線斗南虎尾連結段　統一降速為50公里列重點取締"
"1576034484-608","https://www.ettoday.net/news/news-list.htm","政治","2019/12/10 14:19","立院三讀／監察院將設國家人權委員會　院長兼任主委"
"1576034484-464","https://www.ettoday.net/news/news-list.htm","影劇","2019/12/10 16:37","【廣編】在流浪的過程尋找自己　《絕世情歌》譜出最耀眼的夢想"
"1576034484-263","https://www.ettoday.net/news/news-list.htm","影劇","2019/12/10 20:38","遭酸「妖怪大姑」又被譏「演大嬸」　江宏傑姊姊崩潰關家裡"
"1576034484-516","https://www.ettoday.net/news/news-list.htm","寵物動物","2019/12/10 15:50","貓奴製作「假胯下」原味抱枕！　10主子「卡位」朝聖"
"1576034484-773","https://www.ettoday.net/news/news-list.htm","體育","2019/12/10 11:08","CBA／廣廈裁掉「半獸人」　NBA明星只打7場就被解約"
"1576034484-112","https://www.ettoday.net/news/news-list.htm","影劇","2019/12/11 08:30","獨／高以翔淋冬雨拍時尚照…高爾夫球場「脫光換裝」　彩妝師淚曝生前暖舉"
"1576034484-55","https://www.ettoday.net/news/news-list.htm","健康","2019/12/11 10:23","宜蘭48歲老師久站「腿爆青筋」　新式微創手術解決困擾"
"1576034484-553","https://www.ettoday.net/news/news-list.htm","生活","2019/12/10 15:12","倡議20多年！「國影中心」設置條例三讀通過　新場館2021完工"
"1576034484-390","https://www.ettoday.net/news/news-list.htm","體育","2019/12/10 17:46","高中鋁聯／王政傑再見安打　育民工家4比3逆轉北科附工"
"1576034484-118","https://www.ettoday.net/news/news-list.htm","ET車雲","2019/12/11 08:05","戰神GT-R 50週年紀念款重磅站台　Nissan年底車展有看頭"
"1576034484-614","https://www.ettoday.net/news/news-list.htm","國際","2019/12/10 14:15","《華郵》：美國官員誤導大眾相信「阿富汗戰爭會獲勝」"
"1576034484-524","https://www.ettoday.net/news/news-list.htm","生活","2019/12/10 15:42","保存怦然心動的回憶！臺文館打造「創齡社群資源箱」邀銀髮族編輯圖文小誌"
"1576034484-480","https://www.ettoday.net/news/news-list.htm","社會","2019/12/10 16:19","嘉義水牛公園池塘中央浮出一具屍體　死因待查"
"1576034484-534","https://www.ettoday.net/news/news-list.htm","政治","2019/12/10 15:29","快訊／藍營抗議楊蕙如案包圍行政院！派5代表遞陳情書提3點要求"
"1576034484-216","https://www.ettoday.net/news/news-list.htm","體育","2019/12/10 22:02","6搶1資格賽爭議　辜仲諒：不用擔心會解決"
"1576034484-469","https://www.ettoday.net/news/news-list.htm","生活","2019/12/10 16:29","又有新選擇！印尼巴澤航空12/14開航「桃園-雅加達」　單程3211元起"
"1576034484-640","https://www.ettoday.net/news/news-list.htm","寵物動物","2019/12/10 13:30","眼前上演恐怖片！　惡霸犬懵臉求原諒「心虛大眼」融化網"
"1576034484-544","https://www.ettoday.net/news/news-list.htm","社會","2019/12/10 15:24","孫女睡午覺...外公闖房摸透！口水狂流：身材像外婆年輕時～她嚇壞扭身抵抗"
"1576034484-594","https://www.ettoday.net/news/news-list.htm","生活","2019/12/10 14:36","「論文大偏題」是長久問題　教團籲納入大學教學品保機制審查"
"1576034484-19","https://www.ettoday.net/news/news-list.htm","旅遊","2019/12/11 11:00","金黃燈海隧道、紅色愛心！「基隆海洋廣場」成耶誕美拍點"
"1576034484-104","https://www.ettoday.net/news/news-list.htm","旅遊","2019/12/11 09:01","耶誕跨年就在這吃　北市府推薦42家人氣食尚餐廳"
"1576034484-169","https://www.ettoday.net/news/news-list.htm","時尚","2019/12/11 00:28","蕭亞軒認愛「小16歲」鮮肉！40歲身材辣到炸，超嚴格飲食菜單公開"
"1576034484-660","https://www.ettoday.net/news/news-list.htm","健康","2019/12/10 13:01","「幽門螺旋桿菌」不治療...他5年後「胃癌三期」超後悔　醫曝危險因子"
"1576034484-242","https://www.ettoday.net/news/news-list.htm","政治","2019/12/10 21:21","綠營才推飛行夾克…藍營「鋼鐵H夾克」也開賣！韓國瑜嗆：確定你們詢問度破表？"
"1576034484-664","https://www.ettoday.net/news/news-list.htm","社會","2019/12/10 12:58","臉書貼文控宜蘭消防局長收賄改考績、蹺班　男涉誣告罪遭訴"
"1576034484-634","https://www.ettoday.net/news/news-list.htm","3C家電","2019/12/10 13:34","NCC手機認證多一張切結書　恐讓小米、realme新機上市生變"
"1576034484-657","https://www.ettoday.net/news/news-list.htm","ET車雲","2019/12/10 13:05","Skoda Scala年底車展「初體驗」　更有虛擬偶像搭配車模實境秀"
"1576034484-301","https://www.ettoday.net/news/news-list.htm","時尚","2019/12/10 19:37","交換禮物預備起！12星座美妝攻略，保證送到心坎裡"
"1576034484-85","https://www.ettoday.net/news/news-list.htm","電競","2019/12/11 09:50","玩家苦等20年！《惡靈古堡3》重製版將於2020年4月發售"
"1576034484-654","https://www.ettoday.net/news/news-list.htm","論壇","2019/12/10 13:07","我們是「惡意色情散播」的受害者還是加害者？"
"1576034484-668","https://www.ettoday.net/news/news-list.htm","生活","2019/12/10 12:53","建築師憂空總成為「大巨蛋翻版」　文化部澄清：將召開多場諮詢2年內提出"
"1576034484-399","https://www.ettoday.net/news/news-list.htm","政治","2019/12/10 17:40","全國競總開張　宋楚瑜轟民進黨吃相難看：比國民黨貪腐還嚴重"
"1576034484-439","https://www.ettoday.net/news/news-list.htm","生活","2019/12/10 17:03","新一波東北季風增強！「2地區」晚起變天轉雨　北部高溫明剩20°C"
"1576034484-580","https://www.ettoday.net/news/news-list.htm","政治","2019/12/10 14:48","快訊／緊咬楊蕙如案！國民黨動員千人「路過行政院」：消滅網軍東廠"
"1576034484-403","https://www.ettoday.net/news/news-list.htm","地方","2019/12/10 17:37","六家線動物彩繪列車開跑　林智堅和河馬樂樂共乘體驗"
"1576034484-720","https://www.ettoday.net/news/news-list.htm","政治","2019/12/10 11:54","回擊外交部！藍委反告吳釗燮教唆傷人　曾銘宗：已蒐集證據！"
"1576034484-519","https://www.ettoday.net/news/news-list.htm","寵物動物","2019/12/10 15:48","冬天來了！　阿汪睡覺捲成正圓形「草莓甜甜圈」抬頭萌翻"
"1576034484-683","https://www.ettoday.net/news/news-list.htm","影劇","2019/12/10 12:35","于美人離婚後「1舉動斷開過去」　公開聚財法寶：進門45度擺1根炭"
"1576034484-309","https://www.ettoday.net/news/news-list.htm","社會","2019/12/10 19:22","面試家政婦變試車？涉猥褻3女首開庭　柳林瑋超激動：指控非事實！"
"1576034484-694","https://www.ettoday.net/news/news-list.htm","房產雲","2019/12/10 12:21","基督女青會砸重金買中正區畸零地　單價破7百萬元"
"1576034484-182","https://www.ettoday.net/news/news-list.htm","影劇","2019/12/10 23:37","59歲女星傲開M字腿　賣力躺地抬腿...痛到三天無法遛狗"
"1576034484-676","https://www.ettoday.net/news/news-list.htm","消費","2019/12/10 12:43","禮享生活簡單淘！雙12年終大賞準備好了　此時不買錯過一年"
"1576034484-174","https://www.ettoday.net/news/news-list.htm","影劇","2019/12/11 00:15","唐嫣被爆生雙胞胎兒子老公哭了！　羅晉朋友圈截圖瘋傳…直播親回「好消息」"
"1576034484-708","https://www.ettoday.net/news/news-list.htm","時尚","2019/12/10 12:05","HOT・Stuff／OFF-WHITE彩色膠帶別注系列開賣！　萬元有找入手新鞋"
"1576034484-237","https://www.ettoday.net/news/news-list.htm","軍武","2019/12/10 21:27","美國2020《國防授權法案》達成協議　支持提高台灣「防禦能力」擴大軍售"
"1576034484-724","https://www.ettoday.net/news/news-list.htm","生活","2019/12/10 11:53","「95加滿」跳到105元…她只有30刷卡也悲劇　母7pupu救援：怎生到這些笨小孩"
"1576034484-238","https://www.ettoday.net/news/news-list.htm","體育","2019/12/10 21:26","日職／張奕已連11年無法在台過年　家人是拚下去動力"
"1576034484-457","https://www.ettoday.net/news/news-list.htm","財經","2019/12/10 16:44","5G競價第一天交戰10回合　目前總標金達267.74億元"
"1576034484-58","https://www.ettoday.net/news/news-list.htm","房產雲","2019/12/11 10:20","600多億雙子星開發案有譜　藍天宏匯最快2021年動工"
"1576034484-510","https://www.ettoday.net/news/news-list.htm","地方","2019/12/10 15:54","台東毒品慣犯深夜出沒　遇警心虛拔腿狂奔"
"1576034484-688","https://www.ettoday.net/news/news-list.htm","社會","2019/12/10 12:30","男子持槍強盜摩鐵2萬餘元　桃警隔日查獲「贓款只剩5千」"
"1576034484-41","https://www.ettoday.net/news/news-list.htm","生活","2019/12/11 10:39","簡訊提醒取貨！他想破頭...噴1199元「開箱超驚嚇」上當了　網傻：這我花199"
"1576034484-316","https://www.ettoday.net/news/news-list.htm","國際","2019/12/10 16:05","快訊／捷克醫院槍擊至少4死！現場出入口全面封鎖　嫌犯在逃"
"1576034484-593","https://www.ettoday.net/news/news-list.htm","政治","2019/12/10 14:39","就職將滿周年感想　盧秀燕：永遠不夠滿意、努力做得更好"
"1576034484-570","https://www.ettoday.net/news/news-list.htm","影劇","2019/12/10 15:01","跨年演唱會「嘉賓名單用手畫的」　網一看「10個火柴人」笑瘋！"
"1576034484-665","https://www.ettoday.net/news/news-list.htm","國際","2019/12/10 12:56","懷特島才噴發…日氣象廳續報各地活火山　櫻島已爆137次、西之島流熔岩"
"1576034484-624","https://www.ettoday.net/news/news-list.htm","財經","2019/12/10 13:57","勞動部明預告新法規　業者需強制幫外送員投保300萬"
"1576034484-46","https://www.ettoday.net/news/news-list.htm","政治","2019/12/11 10:36","藍綠差距大？2020當關鍵少數　柯文哲：差1、2%才有影響"
"1576034484-206","https://www.ettoday.net/news/news-list.htm","社會","2019/12/10 22:26","賓士「老王」甩尾衝逆向！休旅車「安全氣囊」秒炸開　年輕男下車賠罪"
"1576034484-602","https://www.ettoday.net/news/news-list.htm","大陸","2019/12/10 14:25","浸大學生會長道歉「原文用字錯誤」：台灣人幫香港人絕不是理所當然"
"1576034484-357","https://www.ettoday.net/news/news-list.htm","健康","2019/12/10 18:30","嚴重會癲癇昏迷！醫：勿餵5歲童「吃酒料理」...加熱2hr仍有酒精"
"1576034484-145","https://www.ettoday.net/news/news-list.htm","體育","2019/12/11 06:00","CBA／北京教頭壓力大　雅尼斯戰廣州一度頭暈離場"
"1576034484-492","https://www.ettoday.net/news/news-list.htm","大陸","2019/12/10 16:07","與妻吵架！狠父持斧頭「劈死1月大嬰兒」...雙手染血潛逃22年"
"1576034484-315","https://www.ettoday.net/news/news-list.htm","大陸","2019/12/10 16:06","飛機滑行將起飛！乘客得知「家人過世」要求倒退嚕...網戰翻"
"1576034484-176","https://www.ettoday.net/news/news-list.htm","財經","2019/12/11 00:04","中信海洋城堡耶誕樹點燈！點燃生命之火開跑　中信銀捐200萬助弱勢孩童"
"1576034484-347","https://www.ettoday.net/news/news-list.htm","論壇","2019/12/10 18:43","單厚之／誰吃香港抗爭者的人血饅頭？"
"1576034484-757","https://www.ettoday.net/news/news-list.htm","政治","2019/12/10 11:20","外交部告陳宜民！蘇貞昌挺員警：國民黨隨假新聞起舞還硬拗"
"1576034484-454","https://www.ettoday.net/news/news-list.htm","政治","2019/12/10 16:46","全國首例！苗栗石虎自治條例三讀通過　1公頃以上開發案需徵詢專業意見"
"1576034484-74","https://www.ettoday.net/news/news-list.htm","時尚","2019/12/11 10:02","這樣做難怪肌膚差！皮膚科醫師：秋冬容易犯的4個錯誤"
"1576034484-558","https://www.ettoday.net/news/news-list.htm","旅遊","2019/12/10 15:11","不只銀河洞瀑布！新店「波斯菊花海鑲嵌水梯田」超迷人"
"1576034484-92","https://www.ettoday.net/news/news-list.htm","體育","2019/12/11 09:20","羽球年終賽／5台將首戰今午起登場　戴資穎保球后先戰奧原希望"
"1576034484-697","https://www.ettoday.net/news/news-list.htm","政治","2019/12/10 12:19","沈富雄最新預測！韓國瑜輸250萬票　吳敦義裸退免得受人白眼"
"1576034484-539","https://www.ettoday.net/news/news-list.htm","生活","2019/12/10 15:27","旗津阿婆讚：小孩很漂亮！下秒「直球吐心聲」　夫妻倆心碎：不用硬聊沒關係"
"1576034484-17","https://www.ettoday.net/news/news-list.htm","社會","2019/12/11 11:05","過馬路突折返！騎士急煞機車秒噴飛　她慘被撞成腦出血...怒告過失結局竟反轉"
"1576034484-279","https://www.ettoday.net/news/news-list.htm","寵物動物","2019/12/10 20:12","法鬥套上春麗頭！賣萌慘變「拔智齒患者」　滿臉無奈笑翻媽"
"1576034484-750","https://www.ettoday.net/news/news-list.htm","體育","2019/12/10 11:27","天才小史創紀錄後柯爾身價更漲！　紐郵預測開啟3億美元時代"
"1576034484-565","https://www.ettoday.net/news/news-list.htm","影劇","2019/12/10 15:05","陳子玄家破產揹2000萬債！　爸爸遭親妹丟錢羞辱...她氣炸：看清人性"
"1576034484-272","https://www.ettoday.net/news/news-list.htm","財經","2019/12/10 20:26","經營權之爭／鈞泰市場派推選新董座　欲領公司大小章遭拒門外"
"1576034484-495","https://www.ettoday.net/news/news-list.htm","國際","2019/12/10 16:05","快訊／捷克醫院槍擊至少4死！現場出入口全面封鎖　嫌犯在逃"
"1576034484-40","https://www.ettoday.net/news/news-list.htm","生活","2019/12/11 10:41","返鄉不用搶！台鐵6班新自強號　12/17起花東人優先訂票"
"1576034484-686","https://www.ettoday.net/news/news-list.htm","社會","2019/12/10 12:31","包廂內按摩小兄弟...她見男客「一度軟腳」冷諷：沒感覺！再曝會館潛規則"
"1576034484-637","https://www.ettoday.net/news/news-list.htm","大陸","2019/12/10 13:31","癡迷小白球、賭博　前上海松江副區長涉收賄3200萬遭逮"
"1576034484-15","https://www.ettoday.net/news/news-list.htm","3C家電","2019/12/11 11:07","iPhone 11系列用戶回報GPS應用程式出問題　Strava工程師說是蘋果的問題"
"1576034484-82","https://www.ettoday.net/news/news-list.htm","政治","2019/12/11 09:54","「心中沒任何對不起高雄市民」　韓國瑜：我現在是請假！何來「落跑」？"
"1576034484-604","https://www.ettoday.net/news/news-list.htm","政治","2019/12/10 14:24","願賭服輸捐5萬給民眾黨　朱學恒：名字寫錯了！"
"1576034484-88","https://www.ettoday.net/news/news-list.htm","地方","2019/12/11 09:39","西班牙馬德里氣候變遷會議　林淵淙發表低碳城市願景"
"1576034484-663","https://www.ettoday.net/news/news-list.htm","財經","2019/12/10 12:59","2019超商風雲商品排行榜出爐　全家：氣泡水銷售數二年來成長十倍"
"1576034484-336","https://www.ettoday.net/news/news-list.htm","國際","2019/12/10 18:54","俄愛貓男兩年救出百隻被困地下室貓咪　人稱「貓俠」"
"1576034484-689","https://www.ettoday.net/news/news-list.htm","房產雲","2019/12/10 12:24","影／浴火重生！　富士康接手金礦咖啡　一次要開13家店"
"1576034484-178","https://www.ettoday.net/news/news-list.htm","政治","2019/12/11 00:02","批民進黨養網軍！韓國瑜：冒牌「韓粉」到處攻擊人"
"1576034484-180","https://www.ettoday.net/news/news-list.htm","影劇","2019/12/10 23:44","快訊／許孟哲登記結婚！　甜喊趙孟姿「Hello 許太太」"
"1576034484-754","https://www.ettoday.net/news/news-list.htm","政治","2019/12/10 11:24","吳敦義接韓國瑜競總榮譽主委　朱立倫：黨部、競總二合一"
"1576034484-456","https://www.ettoday.net/news/news-list.htm","體育","2019/12/10 16:45","喬治回到印地安那被狂噓　未來會解密離開溜馬原因"
"1576034484-51","https://www.ettoday.net/news/news-list.htm","國際","2019/12/11 10:28","「火山灰染白直升機」宛如核爆　救援隊冒死畫面曝：隨時會再噴發"
"1576034484-677","https://www.ettoday.net/news/news-list.htm","房產雲","2019/12/10 12:42","「BMW一灰一白」沒車位　鄰居每晚霸占：借停一下會怎樣？他沒轍…網砲翻"
"1576034484-162","https://www.ettoday.net/news/news-list.htm","國際","2019/12/11 01:15","「他們鎖上門…摔死我孩子」！緬甸屠殺羅興亞人國際法庭開庭　翁山蘇姬現場聆聽"
"1576034484-445","https://www.ettoday.net/news/news-list.htm","論壇","2019/12/10 16:59","空污讓中央與地方交火，問題究竟出在誰身上？"
"1576034484-662","https://www.ettoday.net/news/news-list.htm","論壇","2019/12/10 13:00","受刑人只是穿著囚服的公民 卻幾百人共用一把剃頭刀 司法官不解監所管理文化｜行動法庭 第43集"
"1576034484-758","https://www.ettoday.net/news/news-list.htm","3C家電","2019/12/10 11:20","Google Maps 無痕模式推出iOS版！　果粉不用怕行蹤隱私曝光"
"1576034484-702","https://www.ettoday.net/news/news-list.htm","社會","2019/12/10 12:11","賓士C300半夜直衝掉進台中梅川　駕駛：我外地來的不熟路況"
"1576034484-322","https://www.ettoday.net/news/news-list.htm","體育","2019/12/10 19:13","諸羅山少棒12月20日開打　241隊參賽再創新高"
"1576034484-507","https://www.ettoday.net/news/news-list.htm","體育","2019/12/10 15:56","字母哥砍32+15+8退魔術　曝15連勝公鹿最特別之處：我們愛著彼此"
"1576034484-190","https://www.ettoday.net/news/news-list.htm","影劇","2019/12/10 23:25","阿滴遭酸Youtuber界老大哥「掌控其他竄紅頻道」！　 網怒揭真相：好意被扭曲"
"1576034484-189","https://www.ettoday.net/news/news-list.htm","政治","2019/12/10 23:28","苗栗議會通過200億預算案！創連續26年一毛未刪紀錄　曾玟學嘆：表決被輾壓"
"1576034484-291","https://www.ettoday.net/news/news-list.htm","影劇","2019/12/10 19:43","余天找他選立委　施文彬爆「3區域選1個」：得先去問我媽"
"1576034484-776","https://www.ettoday.net/news/news-list.htm","3C家電","2019/12/10 11:06","Apple Store 新開張！蘋果更新程式與圖示　強調新的購物方式將帶給用戶更好體驗"
"1576034484-268","https://www.ettoday.net/news/news-list.htm","保險","2019/12/10 20:29","全台首張「郵輪旅遊綜合險」要來了　旅客最快12月可投保"
"1576034484-39","https://www.ettoday.net/news/news-list.htm","政治","2019/12/11 10:41","時力打「亡昌感」　柯文哲酸徐永明：你們自己製造出來的"
"1576034484-426","https://www.ettoday.net/news/news-list.htm","地方","2019/12/10 17:15","民豐有愛歲末送暖　再捐有機白米3千公斤"
"1576034484-311","https://www.ettoday.net/news/news-list.htm","社會","2019/12/10 16:08","鹹濕企劃「5分鐘大挑戰」！女直播主性愛片外流　悲憤4天怒告：家人知道也不在乎"
"1576034484-367","https://www.ettoday.net/news/news-list.htm","體育","2019/12/10 18:17","中職／帶陳琥逃脫安逸　林恩宇「雞式菜單」魔鬼特訓"
"1576034484-571","https://www.ettoday.net/news/news-list.htm","大陸","2019/12/10 15:00","被女友嬉鬧打一掌！27歲男腹部突劇痛...X光一照「腹腔臟器歪了」"
"1576034484-556","https://www.ettoday.net/news/news-list.htm","寵物動物","2019/12/10 15:11","曾趴櫃台怒嗆獸醫！　高加索這次打針「給摸又握手」眼神超有戲"
"1576034484-391","https://www.ettoday.net/news/news-list.htm","影劇","2019/12/10 17:46","陳子玄離婚前兆「5個月沒PO老公動態」！　無奈苦喊：他沒幫我過生日"
"1576034484-351","https://www.ettoday.net/news/news-list.htm","體育","2019/12/10 18:37","日職／12強美式調整很有用　張奕明年要學江少慶"
"1576034484-303","https://www.ettoday.net/news/news-list.htm","體育","2019/12/10 19:35","台北車站穿平底鞋登板！王維中近期找黃暐傑練球備戰明年"
"1576034484-86","https://www.ettoday.net/news/news-list.htm","生活","2019/12/11 09:45","長輩介紹39歲熟男　23歲有房有車妹快吐血：我行情很差？不是每個女生都愛錢"
"1576034484-87","https://www.ettoday.net/news/news-list.htm","影劇","2019/12/11 09:42","威猛巨石強森體內有老靈魂！《野蠻遊戲：全面晉級》娛樂性過關"
"1576034484-749","https://www.ettoday.net/news/news-list.htm","健康","2019/12/10 11:28","死亡率50%↑！醫苦救遭嫌「住院費太貴」挨告...嘆：救人前得先看口袋"
"1576034484-667","https://www.ettoday.net/news/news-list.htm","健康","2019/12/10 12:55","IKEA進口塑膠杯「連2週塑化劑超標」　食藥署將採逐批查驗"
"1576034484-165","https://www.ettoday.net/news/news-list.htm","大陸","2019/12/11 01:01","駁新疆言論！華春瑩：美國是超級謊言製造者、散播者"
"1576034484-575","https://www.ettoday.net/news/news-list.htm","社會","2019/12/10 14:57","華山分屍／陳伯謙辯受他威脅「護親友認殺人」　「Eric」出庭大家都傻眼"
"1576034484-366","https://www.ettoday.net/news/news-list.htm","體育","2019/12/10 18:18","日職／張奕明年要用獅吼功　歐力士隊友：不要太囂張"
"1576034484-447","https://www.ettoday.net/news/news-list.htm","政治","2019/12/10 16:52","嘉義大躍進！馬稠後園區後期動土　農業縣市轉型工農縣市"
"1576034484-765","https://www.ettoday.net/news/news-list.htm","生活","2019/12/10 11:13","【風電危國安3】帶頭破壞遊戲規則　台電被批「霸王硬上弓」"
"1576034484-397","https://www.ettoday.net/news/news-list.htm","社會","2019/12/10 17:43","清點木材到一半...「綑綁束帶」突斷裂！高雄女工遭重壓慘死"
"1576034484-449","https://www.ettoday.net/news/news-list.htm","時尚","2019/12/10 16:51","【奧斯塔羅】與目前的另一半有機會開花結果嗎？"
"1576034484-763","https://www.ettoday.net/news/news-list.htm","房產雲","2019/12/10 11:15","屋簷死角化身「童話小天地」！媽用木條＋木板　為女兒打造超美私人空間"
"1576034484-44","https://www.ettoday.net/news/news-list.htm","健康","2019/12/11 10:37","平均56歲！熟齡女團街頭大跳《怪美的》　狂翻跟斗觀光客看傻"
"1576034484-254","https://www.ettoday.net/news/news-list.htm","保險","2019/12/10 21:00","小額終老保單開放限購2張買氣回溫　短短4個月保費衝6.33億"
"1576034484-280","https://www.ettoday.net/news/news-list.htm","影劇","2019/12/10 20:09","大霈金鐘獎金4分之1捐公益　爸媽紅包加碼：過年要包破萬！"
"1576034484-778","https://www.ettoday.net/news/news-list.htm","政治","2019/12/10 11:04","陳玉珍夾到手竟特權占急診室　柯文哲：我5年前都叫立委去排隊"
"1576034484-80","https://www.ettoday.net/news/news-list.htm","地方","2019/12/11 09:56","2身障人士搞錯站牌等嘸公車　內埔警貼心載到火車站"
"1576034484-249","https://www.ettoday.net/news/news-list.htm","時尚","2019/12/10 21:03","戀愛總是不長久？從「分手時間表」看出問題　謹記三階段牢牢抓住另一半"
"1576034484-321","https://www.ettoday.net/news/news-list.htm","體育","2019/12/10 19:14","馬大偉運彩解盤／NBA 金塊@七六人　挺莊買小分"
"1576034484-678","https://www.ettoday.net/news/news-list.htm","政治","2019/12/10 12:40","藍營議員老爸幫買票…判當選無效定讞　彰化綠營「落選頭」遞補"
"1576034484-142","https://www.ettoday.net/news/news-list.htm","時尚","2019/12/11 06:27","再冷都要吃！南韓31冰淇淋推「巧克力派」系列甜點　狂打卡：太好吃"
"1576034484-160","https://www.ettoday.net/news/news-list.htm","國際","2019/12/11 01:24","洋房38男「共享」1女！詐騙集團包吃包住　專騙大陸人"
"1576034484-632","https://www.ettoday.net/news/news-list.htm","國際","2019/12/10 13:39","當眾吃掉「365萬香蕉」！　他堅稱不後悔：這是藝術家的交流"
"1576034484-462","https://www.ettoday.net/news/news-list.htm","體育","2019/12/10 16:38","王維中現場愛心捐2萬！為社福團體募得128萬"
"1576034484-666","https://www.ettoday.net/news/news-list.htm","政治","2019/12/10 12:55","合成韓國瑜淫照…黃征輝：是我一人所為！若說謊就「全家不得好死」"
"1576034484-780","https://www.ettoday.net/news/news-list.htm","旅遊","2019/12/10 11:00","桃園「彩繪玻璃教堂」一秒想婚！還有金黃落羽松、半圓鞦韆"
"1576034484-734","https://www.ettoday.net/news/news-list.htm","國際","2019/12/10 11:42","影／紐國火山噴發「灰白煙霧翻騰」　下秒燒傷遊客「跳海」尖叫劃破寧靜"
"1576034484-116","https://www.ettoday.net/news/news-list.htm","政治","2019/12/11 08:18","「工作31年從沒看過這般肅殺景象」　前大使經過外交部嘆：像獨裁者一樣"
"1576034484-67","https://www.ettoday.net/news/news-list.htm","健康","2019/12/11 10:10","脖子腫如蛋！  17歲少女「甲狀腺結節」好發年齡層曝光"
"1576034484-415","https://www.ettoday.net/news/news-list.htm","體育","2019/12/10 17:23","日職／ 張奕短短1年棄打從投成功　金子千尋是恩人"
"1576034484-520","https://www.ettoday.net/news/news-list.htm","政治","2019/12/10 15:47","影／1465億預算一毛沒刪！藍營過半議員強勢通過　綠怒吼「這不是共產黨」"
"1576034484-16","https://www.ettoday.net/news/news-list.htm","生活","2019/12/11 11:05","時間記好！「澎湖、金門」第2波春節加班機來了　12/17統一開賣"
"1576034484-144","https://www.ettoday.net/news/news-list.htm","大陸","2019/12/11 06:02","培養未來的航母艦長　解放軍從飛行員中訓練「新型指揮官」"
"1576034484-603","https://www.ettoday.net/news/news-list.htm","寵物動物","2019/12/10 14:25","怕1隻生病全場死光光！雞場主人細心呵護　加強消毒落實圍網設施"
"1576034484-461","https://www.ettoday.net/news/news-list.htm","國際","2019/12/10 16:39","烏克蘭學校起火釀4死11失蹤　總統嘆：可能還有更多受害者"
"1576034484-284","https://www.ettoday.net/news/news-list.htm","影劇","2019/12/10 19:59","劉樂妍一晚價碼曝光！　統促黨員「開六位數包養」…網推爆：妳就從了他"
"1576034484-343","https://www.ettoday.net/news/news-list.htm","消費","2019/12/10 18:47","樂天Kobo調查閱讀習慣發現最狂購書王　一口氣買1744本電子書"
"1576034484-437","https://www.ettoday.net/news/news-list.htm","大陸","2019/12/10 17:04","女服務生長髮捲入製麵機！「只剩雙腳在外」當場慘死…157秒恐怖畫面全錄下"
"1576034484-97","https://www.ettoday.net/news/news-list.htm","財經","2019/12/11 09:14","新台幣開盤貶值0.7分　以30.51元兌1美元開出"
"1576034484-501","https://www.ettoday.net/news/news-list.htm","生活","2019/12/10 16:00","越捷再開新航線！連接印度新德里至胡志明市、河內　0元機票限時搶"
"1576034484-326","https://www.ettoday.net/news/news-list.htm","財經","2019/12/10 19:06","經營權之爭／鈞泰市場派推舉新董座　公司派：不合法當選"
"1576034484-655","https://www.ettoday.net/news/news-list.htm","社會","2019/12/10 13:06","碩士師氣女學生告性騷　「師生戀」紙條貼滿學校外牆報復"
"1576034484-123","https://www.ettoday.net/news/news-list.htm","財經","2019/12/11 07:50","元大新興債ETF傘型基金　12/18開募"
"1576034484-537","https://www.ettoday.net/news/news-list.htm","政治","2019/12/10 15:27","陸之駿爆挖親民黨牆角惹怒宋楚瑜　蔡壁如酸：他自己想像的？"
"1576034484-252","https://www.ettoday.net/news/news-list.htm","政治","2019/12/10 21:01","「現在簽和平協議不行」　韓國瑜：除非北京公開宣布放棄武統台灣"
"1576034484-198","https://www.ettoday.net/news/news-list.htm","政治","2019/12/10 22:48","選總統被批「落跑市長」　韓國瑜：沒有對不起高雄市民...選上1週待3天"
"1576034484-352","https://www.ettoday.net/news/news-list.htm","ET車雲","2019/12/10 18:35","聰明就懂！Skoda小編示範「夾手他人」：車窗都防夾　網：重要配備避免急診"
"1576034484-6","https://www.ettoday.net/news/news-list.htm","3C家電","2019/12/11 11:16","全新Mac Pro、Pro Display XDR顯示器在台售價揭曉！整組買最少要花38.8萬"
"1576034484-117","https://www.ettoday.net/news/news-list.htm","名家","2019/12/11 08:18","瘋電影／呆萌特務　連續偷竊案小偷竟然是貓？"
"1576034484-124","https://www.ettoday.net/news/news-list.htm","房產雲","2019/12/11 07:41","內湖「百戶大廈」海砂都更15年不動　氣質淑女「戴鍋蓋炒菜」：全家會被壓死"
"1576034484-542","https://www.ettoday.net/news/news-list.htm","政治","2019/12/10 15:24","韓國瑜「自我抹黑手段」被揭穿　小英競辦：別把台灣人當笨蛋"
"1576034484-769","https://www.ettoday.net/news/news-list.htm","寵物動物","2019/12/10 11:12","6個月浪貓「絕育直接原放」脫水失溫亡　獸醫心疼：今年第3起"
"1576034484-605","https://www.ettoday.net/news/news-list.htm","影劇","2019/12/10 14:22","小馬老婆差點「借精生子」　婚前網搜老公...一查驚嚇：太誇張！"
"1576034484-164","https://www.ettoday.net/news/news-list.htm","影劇","2019/12/11 01:01","經紀人曝「IZ*ONE、X1近況」！　心疼：成員們只是認真地活動了1年"
"1576034484-200","https://www.ettoday.net/news/news-list.htm","健康","2019/12/10 22:43","熟女焦慮症發作！「年齡步入3字頭」急找人嫁...3關鍵賠上婚姻"
"1576034484-38","https://www.ettoday.net/news/news-list.htm","大陸","2019/12/11 10:44","華聞快遞／海南省鼓勵4個重點園區擴大外國人才範圍"
"1576034484-181","https://www.ettoday.net/news/news-list.htm","時尚","2019/12/10 23:42","詹朴為金牌福灣巧克力設計奇幻風包裝　假工作之名先辦試吃大會狂嗑糖"
"1576034484-771","https://www.ettoday.net/news/news-list.htm","生活","2019/12/10 11:10","【風電危國安2】水文情資各國列機密　國營會竟讓陸船來台"
"1576034484-566","https://www.ettoday.net/news/news-list.htm","ET車雲","2019/12/10 15:05","全球7款新世代電動機車造型評比！「南非HYPERTEC」機能美感兼具"
"1576034484-528","https://www.ettoday.net/news/news-list.htm","論壇","2019/12/10 15:36","【爸媽看過來】隔代教養著重「教」還是「養」？三招協助和長輩溝通"
"1576034484-287","https://www.ettoday.net/news/news-list.htm","財經","2019/12/10 19:51","冒用銀行宣稱買基金有固定收益　投資人留意3話術小心一場空"
"1576034484-472","https://www.ettoday.net/news/news-list.htm","健康","2019/12/10 16:25","早餐店食材抽驗「生菜沙拉」首納入！　2成大腸桿菌群超標"
"1576034484-47","https://www.ettoday.net/news/news-list.htm","生活","2019/12/11 10:36","晚上常聽到彈珠聲　一問師父驚覺租屋房間「住著一家人」原因曝光"
"1576034484-479","https://www.ettoday.net/news/news-list.htm","健康","2019/12/10 16:20","10月至今流感已釀11死！長者、幼童「重症高危險群」儘速接種疫苗"
"1576034484-274","https://www.ettoday.net/news/news-list.htm","時尚","2019/12/10 20:20","冬天嘴唇老是乾裂又破皮？3大護唇關鍵擺脫深紋暗沈　從此水嫩彈潤"
"1576034484-615","https://www.ettoday.net/news/news-list.htm","時尚","2019/12/10 14:15","懶婦實測／iRobot拖地機器人「超安靜」　30坪空間免補水、免洗布當真貴婦"
"1576034484-669","https://www.ettoday.net/news/news-list.htm","體育","2019/12/10 12:51","高中鋁聯／黑豹旗催生高中球隊　鋁棒聯賽隊伍逐年增加"
"1576034484-155","https://www.ettoday.net/news/news-list.htm","生活","2019/12/11 02:05","把握2019黃金翻身期！最旺Top 3星座　專家：想什麼就有什麼"
"1576034484-149","https://www.ettoday.net/news/news-list.htm","政治","2019/12/11 04:00","館長怒曝反韓國瑜始末　國民黨輪流砲轟他「一步一步把我推開」"
"1576034484-4","https://www.ettoday.net/news/news-list.htm","社會","2019/12/11 11:17","士林夜市人太多身體碰一下　他一句「你青瞑唷」遭5男痛毆"
"1576034484-557","https://www.ettoday.net/news/news-list.htm","財經","2019/12/10 15:11","米其林晚宴等級油品深耕餐飲名校　挹注泰山營運前三季每股賺1.04元"
"1576034484-115","https://www.ettoday.net/news/news-list.htm","政治","2019/12/11 08:19","韓國瑜「暖風吹散誤解懷疑」　就憑一句話！要2300萬人跟他走"
"1576034484-68","https://www.ettoday.net/news/news-list.htm","大陸","2019/12/11 10:09","蔡英文反駁「用香港人拚選舉」　港媒再批民進黨：吃香港豆腐還要吃多久？"
"1576034484-623","https://www.ettoday.net/news/news-list.htm","3C家電","2019/12/10 13:57","Galaxy S10 Lite價格無預警被曝　6.7吋大螢幕要價不到2.3萬"
"1576034484-256","https://www.ettoday.net/news/news-list.htm","大陸","2019/12/10 20:57","與家人吵架！12歲男童氣炸離家...3個月騎了3000公里「吃喝全靠乞討」"
"1576034484-196","https://www.ettoday.net/news/news-list.htm","時尚","2019/12/10 23:00","全台唯一「浪漫鐘樓星巴克」12／25開幕　台中麗寶Outlet二期登場"
"1576034484-466","https://www.ettoday.net/news/news-list.htm","政治","2019/12/10 16:35","民進黨不分區拿18席？　卓榮泰：絲毫沒有喜悅"
"1576034484-673","https://www.ettoday.net/news/news-list.htm","生活","2019/12/10 12:46","2020清大也有醫學系！禮聘部桃醫師授課　獨招偏鄉服務公費生"
"1576034484-502","https://www.ettoday.net/news/news-list.htm","政治","2019/12/10 15:59","韓國瑜狂轟假民調　宋楚瑜酸 ：國民黨2000年就開始做假民調"
"1576034484-661","https://www.ettoday.net/news/news-list.htm","生活","2019/12/10 13:00","建國科大爆「電子所論文寫符咒、紫水晶」　教育部要求先暫停招生"
"1576034484-590","https://www.ettoday.net/news/news-list.htm","財經","2019/12/10 14:40","5G釋照起跑！陳耀祥：得標者要有獨立資安維護計畫"
"1576034484-638","https://www.ettoday.net/news/news-list.htm","政治","2019/12/10 13:31","獨家專訪／合成韓國瑜淫照只花20分鐘　退役上校轟：綠營什麼事都敢做！"
"1576034484-35","https://www.ettoday.net/news/news-list.htm","影劇","2019/12/11 10:47","17歲爆紅！內衣女神墾丁春吶「觀音坐蓮」愛情片外洩　清醒後一臉尷尬下場GG"
"1576034484-202","https://www.ettoday.net/news/news-list.htm","生活","2019/12/10 22:33","2歲娃不吃副食品！父母竟稱「這樣大便會漂亮成條」　醫一看驚吐真相"
"1576034484-443","https://www.ettoday.net/news/news-list.htm","旅遊","2019/12/10 17:00","在地人超愛！隱身嘉義巷弄的日本料理　必點炒烏龍、鮭魚炒飯"
"1576034484-265","https://www.ettoday.net/news/news-list.htm","政治","2019/12/10 20:33","高雄流行音樂中心2千萬預算全被藍議員刪光！　挨轟倒退回「文化沙漠」"
"1576034484-227","https://www.ettoday.net/news/news-list.htm","影劇","2019/12/10 21:44","潤娥低溫5度裸腿辣穿超短裙！　「直逼大腿根」小褲褲險看光…網：小心別感冒"
"1576034484-314","https://www.ettoday.net/news/news-list.htm","政治","2019/12/10 16:06","韓競辦「總統大選狼人殺」！韓國瑜變「預言家」蔡英文成「女巫」"
"1576034484-685","https://www.ettoday.net/news/news-list.htm","生活","2019/12/10 12:33","中華料理界最強YouTuber！網看「老飯骨」一次就訂閱　3大叔背景曝：戈登實力"
"1576034484-583","https://www.ettoday.net/news/news-list.htm","國際","2019/12/10 14:44","她爬上健身器材詭笑　網友批廣告性別歧視「被迫更健康」"
"1576034484-483","https://www.ettoday.net/news/news-list.htm","大陸","2019/12/10 16:19","澳門輕軌10日正式開通！覆蓋熱門景點　月底前免費搭乘"
"1576034484-768","https://www.ettoday.net/news/news-list.htm","大陸","2019/12/10 11:12","電眼正妹撞臉王祖賢！空靈一笑飄仙氣　問「遇過渣男嗎？」...答案引暴動"
"1576034484-374","https://www.ettoday.net/news/news-list.htm","社會","2019/12/10 18:08","影／48根木材從天降！　高雄工廠女員工遭重壓臟器外露慘死"
"1576034484-659","https://www.ettoday.net/news/news-list.htm","3C家電","2019/12/10 13:02","iPhone 續航力再攀升？韓廠ITM傳為新iPhone 提供保護電路模組　電池容量可提升"
"1576034484-656","https://www.ettoday.net/news/news-list.htm","影劇","2019/12/10 13:05","史嘉蕾喬韓森失婚低潮接《婚姻故事》　「高潮口角戲」2天拍30次：逼到痛苦極限"
"1576034484-89","https://www.ettoday.net/news/news-list.htm","體育","2019/12/11 09:33","國民續約小史將留不住MVP級蘭登？　天使加入爭奪戰"
"1576034484-427","https://www.ettoday.net/news/news-list.htm","旅遊","2019/12/10 17:15","今年太平山第50萬名遊客出爐　羅東林管處贈幸運兒文創福袋"
"1576034484-273","https://www.ettoday.net/news/news-list.htm","政治","2019/12/10 20:21","韓侯有心結？韓國瑜：溝通順暢、從未邀侯友宜擔任新北競選主委"
"1576034484-371","https://www.ettoday.net/news/news-list.htm","社會","2019/12/10 18:12","快訊／高雄男持菜刀砍鄰居　把刀放下！警溫情喊話30分無效驚險壓制"
"1576034484-705","https://www.ettoday.net/news/news-list.htm","遊戲","2019/12/10 12:09","主機週期越縮越短　SONY娛樂副總裁：PS5Pro預計2023"
"1576034484-212","https://www.ettoday.net/news/news-list.htm","影劇","2019/12/10 22:08","人妻女星驚爆偷情富商！　老公一狀告上法院判賠2000萬"
"1576034484-421","https://www.ettoday.net/news/news-list.htm","寵物動物","2019/12/10 17:19","媽媽找我？萌貓從天花板「探頭說嗨」　奴才嚇歪傳LINE：快買鱈魚香絲"
"1576034484-748","https://www.ettoday.net/news/news-list.htm","地方","2019/12/10 11:29","行銷法國　法國在臺協會主任公孫孟拜會鄭文燦"
"1576034484-219","https://www.ettoday.net/news/news-list.htm","地方","2019/12/10 21:58","誤導「蔡賴配」支持者投2號？國民黨台南黨部PO圖風波　謝龍介：誤用撤下"
"1576034484-564","https://www.ettoday.net/news/news-list.htm","生活","2019/12/10 15:07","想要寶寶男友卻戴套！下秒秀「小洞洞」解釋功能：要過篩　女友超吐血"
"1576034484-574","https://www.ettoday.net/news/news-list.htm","國際","2019/12/10 14:58","橫渡大西洋只求入境美國！　非洲移民人數1年內翻倍成長"
"1576034484-682","https://www.ettoday.net/news/news-list.htm","政治","2019/12/10 12:38","網傳BTS申請場地卡關　「假消息！」高市運發局決定開吉了"
"1576034484-251","https://www.ettoday.net/news/news-list.htm","體育","2019/12/10 21:01","中職／蘇俊璋第一年洪總就轉隊：場上私下不同人"
"1576034484-414","https://www.ettoday.net/news/news-list.htm","大陸","2019/12/10 17:25","意見不合！26歲男排球教練被家長「持刀捅死」　學生淚：他很溫柔"
"1576034484-179","https://www.ettoday.net/news/news-list.htm","影劇","2019/12/10 23:50","芮妮齊薇格《茱蒂》影后拿到手軟　金球獎7度入圍「首搶劇情類女主角」"
"1576034484-120","https://www.ettoday.net/news/news-list.htm","財經","2019/12/11 08:00","竹科志玲姊姊開個展　油畫創作融合光雕投影「很AI」"
"1576034484-505","https://www.ettoday.net/news/news-list.htm","社會","2019/12/10 15:59","把探班妹騙進廁所...保全男趁機「打開鳥籠」拉手想摸！她尖叫嚇壞：不要過來"
"1576034484-644","https://www.ettoday.net/news/news-list.htm","時尚","2019/12/10 13:28","面對感情時最不喜歡主動的3大星座！天秤閃躲高手、摩羯愛面子"
"1576034484-128","https://www.ettoday.net/news/news-list.htm","影劇","2019/12/11 07:24","陶喆「酒吧激吻混血女星」被抓包！　4年前約砲又帶妹回家又遭挖出"
"1576034484-23","https://www.ettoday.net/news/news-list.htm","影劇","2019/12/11 10:56","韓爆紅女星「棄子跟小王出國」爽開保時捷、刷黑卡！　老公不忍了提告：她還當過援交妹"
"1576034484-735","https://www.ettoday.net/news/news-list.htm","生活","2019/12/10 11:40","快訊／正式啟航了！　交通部今早核准星宇航空營運"
"1576034484-701","https://www.ettoday.net/news/news-list.htm","寵物動物","2019/12/10 12:14","天冷在家釣魚～他拋娃娃餌下秒「釣到萌寶」　網笑：這尾粗哦"
"1576034484-477","https://www.ettoday.net/news/news-list.htm","政治","2019/12/10 16:21","台中飛灰處理費去年1噸6千元今年暴增1萬6千元　議員：不如自己蓋掩埋場"
"1576034484-629","https://www.ettoday.net/news/news-list.htm","政治","2019/12/10 13:48","立院三讀／原民保留地禁伐補償條例　擴大補償範圍、估5千原民受惠"
"1576034484-304","https://www.ettoday.net/news/news-list.htm","健康","2019/12/10 19:32","小孩聰不聰明由誰決定？研究：智商遺傳自媽媽　爸爸基因影響3方面"
"1576034484-675","https://www.ettoday.net/news/news-list.htm","政治","2019/12/10 12:44","立院三讀《刑訴法》　聲請再審當事人可到庭說明"
"1576034484-199","https://www.ettoday.net/news/news-list.htm","財經","2019/12/10 22:43","15家金控前11月大賺逾3366億　富邦金每股賺5.46元緊抱獲利王寶座"
"1576034484-364","https://www.ettoday.net/news/news-list.htm","社會","2019/12/10 18:21","國道驚見「黑衣跪拜姊」！路中央雙手合十膜拜車...駕駛傻眼忙閃避"
"1576034484-293","https://www.ettoday.net/news/news-list.htm","財經","2019/12/10 19:43","沙田第一城租金失守1萬　淡市減租按月跌30%"
"1576034484-224","https://www.ettoday.net/news/news-list.htm","旅遊","2019/12/10 21:47","台中浪漫燈海再+1　石岡山城花漾藝術燈會展出到明年2月8日"
"1576034484-525","https://www.ettoday.net/news/news-list.htm","國際","2019/12/10 15:41","南韓批「旭日旗象徵侵略」求禁入奧運　日本抗議：自古扎根社會"
"1576034484-150","https://www.ettoday.net/news/news-list.htm","地方","2019/12/11 03:24","韓國瑜同學廟辦建醮！屏東獻供品9000桌被搶光　「怪手挖豬」超壯觀"
"1576034484-297","https://www.ettoday.net/news/news-list.htm","財經","2019/12/10 19:42","香港97%零售業虧損　7000店預計半年內倒閉"
"1576034484-231","https://www.ettoday.net/news/news-list.htm","國際","2019/12/10 21:38","快訊／羅克賽二重唱女歌手腦癌辭世  享年61歲"
"1576034484-132","https://www.ettoday.net/news/news-list.htm","旅遊","2019/12/11 07:00","直達飯店門口超方便！24小時「新加坡樟宜機場巴士」購票、乘車教學攻略"
"1576034484-113","https://www.ettoday.net/news/news-list.htm","時尚","2019/12/11 08:28","邁入婚姻前必讀的5大認知：利用同居預演、婚姻終歸於平淡"
"1576034484-546","https://www.ettoday.net/news/news-list.htm","健康","2019/12/10 15:18","三年來首見！台女非洲染瘧疾「治療不完全」瘧原蟲藏肝臟再復發"
"1576034484-612","https://www.ettoday.net/news/news-list.htm","房產雲","2019/12/10 14:16","卯起來進貨！今年建商總購地金額達1999億　年增逾1倍"
"1576034484-42","https://www.ettoday.net/news/news-list.htm","地方","2019/12/11 10:37","台南玉井清山路檢　深鎖175線咖啡公路"
"1576034484-261","https://www.ettoday.net/news/news-list.htm","政治","2019/12/10 20:42","高雄還是又老又窮？　韓國瑜：我不是魔術師，不可能一下麻雀變公主"
"1576034484-234","https://www.ettoday.net/news/news-list.htm","影劇","2019/12/10 21:33","《海上鋼琴師》男主角原來不是提姆羅斯！「導演臨時換角」奠定經典"
"1576034484-34","https://www.ettoday.net/news/news-list.htm","生活","2019/12/11 10:51","喝早餐店奶茶！衰妹一吸硬硬的…哭吐「噁黃指甲」：我還咬了幾下"
"1576034484-64","https://www.ettoday.net/news/news-list.htm","生活","2019/12/11 10:17","蘇花改、南迴改開放機車通行？　林佳龍允研究案納機車族意見"
"1576034484-384","https://www.ettoday.net/news/news-list.htm","社會","2019/12/10 17:53","「膠帶黏香蕉」爆紅！　高市警局跟風貼紅單：罰款金額由你決定"
"1576034484-333","https://www.ettoday.net/news/news-list.htm","影劇","2019/12/10 18:57","錦榮掰了Akemi 2個月換新歡！　過夜美籍韓裔辣媽…平民化約會激撩"
"1576034484-65","https://www.ettoday.net/news/news-list.htm","房產雲","2019/12/11 10:17","高房租再逼名店搬家？逾30年丹丹漢堡創始店將遷址"
"1576034484-497","https://www.ettoday.net/news/news-list.htm","政治","2019/12/10 16:03","開除楊蕙如黨籍？民進黨：等司法釐清真相後再依規定處理"
"1576034484-79","https://www.ettoday.net/news/news-list.htm","地方","2019/12/11 09:57","全國救護志工菁英　台南市義消救護中隊林俊良當之無愧"
"1576034484-295","https://www.ettoday.net/news/news-list.htm","國際","2019/12/10 19:42","美中貿易戰「南韓成最大受災戶」　高度依賴中國「出口下滑9.8%」"
"1576034484-448","https://www.ettoday.net/news/news-list.htm","生活","2019/12/10 16:51","「蔡雅婷我愛你！」他上合歡山借國家機器告白　網笑：下次求婚有選擇了"
"1576034484-430","https://www.ettoday.net/news/news-list.htm","健康","2019/12/10 17:09","早餐食安稽查「外送平台」將納入　裝載容器不乾淨最高罰2億"
"1576034484-485","https://www.ettoday.net/news/news-list.htm","健康","2019/12/10 16:16","總是睡不好...可能是「個性」害的　研究：越樂觀睡眠品質越好"
"1576034484-394","https://www.ettoday.net/news/news-list.htm","社會","2019/12/10 17:44","機車被偷7pupu報案「抓出來！」　調出監視器一看竟是…她腦公"
"1576034484-692","https://www.ettoday.net/news/news-list.htm","大陸","2019/12/10 12:23","化糞池丟火柴慘被炸飛　男童「空中翻轉一圈」嚇壞身旁的他"
"1576034484-307","https://www.ettoday.net/news/news-list.htm","財經","2019/12/10 19:28","鬆綁！銀行購買央行NCD產生的收益　營業稅率2%"
"1576034484-635","https://www.ettoday.net/news/news-list.htm","影劇","2019/12/10 13:33","《慶餘年》張若昀收粉絲「雞腿花」告白！　一看傻眼…整束鴨翅"
"1576034484-617","https://www.ettoday.net/news/news-list.htm","地方","2019/12/10 14:08","化身「香港男網友」假感情真詐騙：」  潮警聯手行員及時阻詐"
"1576034484-681","https://www.ettoday.net/news/news-list.htm","財經","2019/12/10 12:38","人力銀行：86%上班族不等年終要跳槽　創12年來新高"
"1576034484-652","https://www.ettoday.net/news/news-list.htm","生活","2019/12/10 13:15","2020年超強「愛情運」3星座　專家：第3名能「開花結果」！"
"1576034484-509","https://www.ettoday.net/news/news-list.htm","財經","2019/12/10 15:54","如興調整營運策略　處分子公司如興全球100%股權、賣柬埔寨廠區土地"
"1576034484-647","https://www.ettoday.net/news/news-list.htm","影劇","2019/12/10 13:22","邱勝翊撕掉「王子」標籤　初次挑戰「非商業片」吐心聲：怕粉絲不愛"
"1576034484-508","https://www.ettoday.net/news/news-list.htm","體育","2019/12/10 15:55","羽球年終賽／戴資穎球后保衛　唯一不讓陳雨菲排名在前"
"1576034484-548","https://www.ettoday.net/news/news-list.htm","大陸","2019/12/10 15:15","香港華仁書院驚見2顆炸彈「威力達百米」　校方：沒證據與師生有關"
"1576034484-432","https://www.ettoday.net/news/news-list.htm","論壇","2019/12/10 17:06","宋兆文／因應解放軍威脅　美艦終將港泊台灣"
"1576034484-232","https://www.ettoday.net/news/news-list.htm","政治","2019/12/10 21:35","自爆不做民調…反正也不準　韓國瑜怒嗆：別把我看傻、我不是一般國民黨員"
"1576034484-156","https://www.ettoday.net/news/news-list.htm","影劇","2019/12/11 02:01","「暗黑郭雪芙」水野朝陽引退倒數！　台灣開房「最後一脫」驚喊：好大、進來就嚇到"
"1576034484-641","https://www.ettoday.net/news/news-list.htm","社會","2019/12/10 13:29","寵物煉獄！18隻狗遭棄養擠7坪套房　互相啃咬僅剩狗頭...惡飼主被訴"
"1576034484-711","https://www.ettoday.net/news/news-list.htm","大陸","2019/12/10 12:03","譴責2法院遭縱火！　林鄭月娥：警方發出不反對通知書是「善意」"
"1576034484-476","https://www.ettoday.net/news/news-list.htm","3C家電","2019/12/10 16:21","iPhone Podcasts App傳當機！用戶哀號：每2分鐘掛點一次"
"1576034484-137","https://www.ettoday.net/news/news-list.htm","社會","2019/12/11 06:39","東海女大生撞轎車不治單親媽崩潰！駕駛「左轉燈亮才轉」　警：機車闖紅燈"
"1576034484-226","https://www.ettoday.net/news/news-list.htm","大陸","2019/12/10 21:44","無緣東奧、世足賽！俄羅斯被禁賽4年...華春瑩：反對體育賽事「政治化」"
"1576034484-30","https://www.ettoday.net/news/news-list.htm","政治","2019/12/11 10:52","批蔡英文「不務正業」　孫大千：台灣總統有跟沒有一樣"
"1576034484-277","https://www.ettoday.net/news/news-list.htm","財經","2019/12/10 20:14","很旺！節能家電退稅上路近半年　約70萬台申請　買除濕機近八折"
"1576034484-217","https://www.ettoday.net/news/news-list.htm","親子","2019/12/10 22:02","媽媽住院不得不分離　3招緩解孩子分離焦慮～"
"1576034484-282","https://www.ettoday.net/news/news-list.htm","體育","2019/12/10 20:00","冬盟／林威志連4年出征盼找回自信　林敬民慢慢幫他開竅"
"1576034484-328","https://www.ettoday.net/news/news-list.htm","政治","2019/12/10 19:04","被迫轉型成政黨　婦聯會已提訴願將抗爭到底"
"1576034484-695","https://www.ettoday.net/news/news-list.htm","旅遊","2019/12/10 12:20","「海拔最高聖誕樹」在桃園山城！50元銅板價體驗紅花組盆"
"1576034484-543","https://www.ettoday.net/news/news-list.htm","生活","2019/12/10 15:24","生活津貼沒著落⋯台鐵改花錢買「舒壓小物」　拿到員工通通傻眼"
"1576034484-313","https://www.ettoday.net/news/news-list.htm","大陸","2019/12/10 16:07","與妻吵架！狠父持斧頭「劈死1月大嬰兒」...雙手染血潛逃22年"
"1576034484-739","https://www.ettoday.net/news/news-list.htm","國際","2019/12/10 11:38","世界最古老鳥蛋！距今1700年...3顆破裂狂飄惡臭　專家驚呆：了不起"
"1576034484-699","https://www.ettoday.net/news/news-list.htm","社會","2019/12/10 12:16","三寶無極限！停車打N檔未拉煞車　「滑行350公尺」撞車還報案：我車被偷…"
"1576034484-588","https://www.ettoday.net/news/news-list.htm","社會","2019/12/10 14:40","狂奔怒喊「殺人魔王」　台灣國陳峻涵丟蔣中正銅像「紅漆袋」...還好沒破"
"1576034484-368","https://www.ettoday.net/news/news-list.htm","旅遊","2019/12/10 18:16","150元/190元/230元三種組合！壽司郎台北民權建國店推午餐外帶餐盒"
"1576034484-228","https://www.ettoday.net/news/news-list.htm","時尚","2019/12/10 21:43","比紅底鞋可愛！Christian Louboutin「三色堇」腳上賣萌　手袋也不放過"
"1576034484-271","https://www.ettoday.net/news/news-list.htm","政治","2019/12/10 20:28","「假民調真揭底」彰化立委參選人張瀚天支持者受不了　到警局提告"
"1576034484-567","https://www.ettoday.net/news/news-list.htm","地方","2019/12/10 15:03","國民黨青年團街頭開講　「0-6歲國家養」青年有感頻頻點頭"
"1576034484-729","https://www.ettoday.net/news/news-list.htm","房產雲","2019/12/10 11:48","高雄都發局長指社宅將「拖累地方財政」！內政部回擊：2020年底超過4萬戶"
"1576034484-197","https://www.ettoday.net/news/news-list.htm","生活","2019/12/10 22:57","北台灣濕冷雨快閃！暫離冬季「小陽春」飆回30°C　下周上樓梯大變天"
"1576034484-545","https://www.ettoday.net/news/news-list.htm","體育","2019/12/10 15:18","冬盟／田畑瑛仁代打追平安　社會人2比2逼和日職紅隊"
"1576034484-346","https://www.ettoday.net/news/news-list.htm","健康","2019/12/10 18:43","大小腿『浮腳筋』該怎麼辦？　靜脈曲張雷射燒灼術讓您走的健康坐的快樂"
"1576034484-767","https://www.ettoday.net/news/news-list.htm","政治","2019/12/10 11:13","民調逼近蔣萬安　吳怡農：內部數字更樂觀"
"1576034484-559","https://www.ettoday.net/news/news-list.htm","論壇","2019/12/10 15:09","張競／日本爭取印度重返RCEP，底牌為何？"
"1576034484-444","https://www.ettoday.net/news/news-list.htm","生活","2019/12/10 16:59","人夫投娃娃機…真的夾到平板！興奮一拆「裂20條碎痕」爆滿螢幕　她看傻"
"1576034484-235","https://www.ettoday.net/news/news-list.htm","消費","2019/12/10 21:31","雙12一定要鎖定5大網購戰場　快手搶爆低價iphone11、AirPods"
"1576034484-122","https://www.ettoday.net/news/news-list.htm","3C家電","2019/12/11 08:00","智慧錶貴的好、便宜的好？Garmin Venu、Amazfit GTS測給你看"
"1576034484-168","https://www.ettoday.net/news/news-list.htm","男女","2019/12/11 00:52","愛愛都沒激情？想增加彼此的慾望，妳要懂得5個小手段"
"1576034484-240","https://www.ettoday.net/news/news-list.htm","網搜","2019/12/10 21:26","餐廳空一半被拒用餐！新北男怒找客服「店員秒改口接待」　風向反轉轟爆"
"1576034484-213","https://www.ettoday.net/news/news-list.htm","寵物動物","2019/12/10 22:07","半夜如廁背脊發涼！　抬頭直視「厲陰柴」嚇得他心跳漏拍"
"1576034484-707","https://www.ettoday.net/news/news-list.htm","健康","2019/12/10 12:05","立委就醫請託關照流程圖瘋傳！台大醫院澄清：僅存檔「非工作規範」"
"1576034484-670","https://www.ettoday.net/news/news-list.htm","影劇","2019/12/10 12:48","吳宗憲台中跨年首唱「找來幫唱嘉賓」　對戰台北場吳青峰：收視王一定是我！"
"1576034484-52","https://www.ettoday.net/news/news-list.htm","寵物動物","2019/12/11 10:26","40KG米格魯「走到隔壁郵筒就不行了」　半年減27KG超勵志"
"1576034484-2","https://www.ettoday.net/news/news-list.htm","體育","2019/12/11 11:17","日職／張奕新隊友！　金鶯看板瓊斯2年800萬美元加盟歐力士"
"1576034484-236","https://www.ettoday.net/news/news-list.htm","體育","2019/12/10 21:27","冬盟／廖健富三壘安攻下唯一1分　中職1比13敗日職白隊"
"1576034484-29","https://www.ettoday.net/news/news-list.htm","體育","2019/12/11 10:52","舉重世界盃／高展宏61公斤級抱回3銅　力拚奧運資格"
"1576034484-130","https://www.ettoday.net/news/news-list.htm","政治","2019/12/11 07:17","韓國瑜一句話亂民調？傳組頭「認賠不玩了」內幕曝　知情人士：這什麼怪招"
"1576034484-134","https://www.ettoday.net/news/news-list.htm","社會","2019/12/11 06:55","潤寅「白富美千金」被父母出賣…低胸禮服變囚衣　開趴狂歡照曝光"
"1576034484-215","https://www.ettoday.net/news/news-list.htm","政治","2019/12/10 22:03","重啟核四公投成案！中選會：連署已達30萬門檻"
"1576034484-60","https://www.ettoday.net/news/news-list.htm","政治","2019/12/11 10:18","羅智強曝「圍剿時間序」：楊蕙如網軍是民進黨辱蘇啓誠集團一員"
"1576034484-753","https://www.ettoday.net/news/news-list.htm","體育","2019/12/10 11:25","瓊斯重磅轉戰日職？　有望與歐力士簽複數年約"
"1576034484-121","https://www.ettoday.net/news/news-list.htm","影劇","2019/12/11 08:00","獨／鼓鼓公開認愛大元？　「20秒音檔」內容曝光超甜蜜"
"1576034484-630","https://www.ettoday.net/news/news-list.htm","旅遊","2019/12/10 13:42","冬天就是要來一杯！采采食茶冬季必喝熱飲來了　一芳推全新蜜紅豆西米露"
"1576034484-194","https://www.ettoday.net/news/news-list.htm","大陸","2019/12/10 23:10","美呼籲改善新疆人權狀況　陸外交部端「禁穆令」反擊"
"1576034484-636","https://www.ettoday.net/news/news-list.htm","社會","2019/12/10 13:33","網傳挺韓粉「選票要寫韓」　王淺秋赴北市警局報案揪「楊蕙如們」"
"1576034484-7","https://www.ettoday.net/news/news-list.htm","社會","2019/12/11 11:15","擦撞汽車照後鏡不停　女騎士嗆「又沒怎樣」！還打掉駕駛手機"
"1576034484-335","https://www.ettoday.net/news/news-list.htm","地方","2019/12/10 18:54","動作要快！　桃園元旦升旗健走報名秒殺　再加碼1萬人"
"1576034484-431","https://www.ettoday.net/news/news-list.htm","寵物動物","2019/12/10 17:07","黑熊天冷躲房子底下睡大頭覺　住戶出奇招大聲嚇跑周公"
"1576034484-459","https://www.ettoday.net/news/news-list.htm","時尚","2019/12/10 16:41","信義遠百12／25開幕　阿美飯店、鼎泰豐進駐，邊看電影邊吃金色三麥"
"1576034484-613","https://www.ettoday.net/news/news-list.htm","社會","2019/12/10 14:15","妻小困車頭燒成焦屍！貨櫃車運將拋飛「重傷倖存」　遭撞司機曝驚悚全程"
"1576034484-139","https://www.ettoday.net/news/news-list.htm","大陸","2019/12/11 06:33","連輸日本21年　中國足球選手怒「功夫飛踢」踹中日球員頭部"
"1576034484-310","https://www.ettoday.net/news/news-list.htm","政治","2019/12/10 19:21","藍營要「蘇貞昌踹共」　Kolas：不歡迎把行政院當成選舉造勢場"
"1576034484-536","https://www.ettoday.net/news/news-list.htm","國際","2019/12/10 15:28","紐國火山爆發釋「二氧化硫、硫化氫」　毒氣專家：吸一口心跳停止"
"1576034484-375","https://www.ettoday.net/news/news-list.htm","生活","2019/12/10 18:07","色彩繽紛像素化木雕　探索人類心靈深處"
"1576034484-56","https://www.ettoday.net/news/news-list.htm","房產雲","2019/12/11 10:23","第二個任期主攻「東區門戶計畫」　柯文哲：考慮把汐止併入南港生活圈"
"1576034484-515","https://www.ettoday.net/news/news-list.htm","生活","2019/12/10 15:51","台灣囝仔出征北京奪「小坎城」微電影第三名　　趴地整天拍《流浪者》毛孩"
"1576034484-21","https://www.ettoday.net/news/news-list.htm","體育","2019/12/11 10:59","太空人埋震撼彈！考慮交易狀元柯瑞亞　壓低薪資空間"
"1576034484-712","https://www.ettoday.net/news/news-list.htm","生活","2019/12/10 12:03","館長開賣腕錶！「每支36900」限量600支…強調最高規格　PTT爆熱議：買單嗎"
"1576034484-599","https://www.ettoday.net/news/news-list.htm","財經","2019/12/10 14:33","台積電11月營收1078.84億元　今年二度創歷史高點"
"1576034484-529","https://www.ettoday.net/news/news-list.htm","旅遊","2019/12/10 15:36","請帶著自己的餐具　「裸賣裸買」的無肉市集12/14新竹將軍村登場"
"1576034484-135","https://www.ettoday.net/news/news-list.htm","社會","2019/12/11 06:54","新北22歲女網約喝酒…醉倒突哭醒「被脫褲硬上」　他：別報警"
"1576034484-387","https://www.ettoday.net/news/news-list.htm","國際","2019/12/10 17:51","一出生就被丟垃圾桶旁！電腦天才15歲開公司　28歲身價19億"
"1576034484-584","https://www.ettoday.net/news/news-list.htm","社會","2019/12/10 14:43","逼學弟抽籤幫尻！耕莘專校「男舍暗黑傳統」　受害學生狂CALL家人求救"
"1576034484-186","https://www.ettoday.net/news/news-list.htm","健康","2019/12/10 23:32","這群人扮「羊咩咩」有目的　竟是教學童如何用「查健康」"
"1576034484-318","https://www.ettoday.net/news/news-list.htm","政治","2019/12/10 16:03","開除楊蕙如黨籍？民進黨：等司法釐清真相後再依規定處理"
"1576034484-468","https://www.ettoday.net/news/news-list.htm","國際","2019/12/10 16:30","俄烏德法領袖峰會：年底前烏克蘭東全面停火、換俘"
"1576034484-207","https://www.ettoday.net/news/news-list.htm","旅遊","2019/12/10 22:25","元朗必吃學記茶餐廳進駐　信義遠百美食廣場引進9家港式與南洋美食"
"1576034484-538","https://www.ettoday.net/news/news-list.htm","寵物動物","2019/12/10 15:27","氣勢全失！小獅子「阿伯瞇眼」翻肚曬太陽　網笑：好像貓咪"
"1576034484-83","https://www.ettoday.net/news/news-list.htm","體育","2019/12/11 09:53","紅襪兜售普萊斯？　多隊有興趣接手剩餘3年9600萬美元合約"
"1576034484-327","https://www.ettoday.net/news/news-list.htm","地方","2019/12/10 19:04","庄腳廣播號角響起　交通安全報乎你知"
"1576034484-648","https://www.ettoday.net/news/news-list.htm","旅遊","2019/12/10 13:20","老虎陪你搭火車！新竹Zoo開幕倒數　六家線動物彩繪列車可愛開跑"
"1576034484-453","https://www.ettoday.net/news/news-list.htm","體育","2019/12/10 16:48","中職／統一獅簽下大聯盟投手教練　曾指導過王建民"
"1576034484-428","https://www.ettoday.net/news/news-list.htm","影劇","2019/12/10 17:14","《延禧攻略》番外篇要播了！　宮鬥劇禁1年半復活…于正鬆口開播日"
"1576034484-69","https://www.ettoday.net/news/news-list.htm","健康","2019/12/11 10:09","公費流感疫苗傳衛生所打到缺貨　陳時中：「疫苗充足」有待地方調配"
"1576034484-719","https://www.ettoday.net/news/news-list.htm","寵物動物","2019/12/10 11:55","驚見貓咪脖纏怪異領帶…急call毒蛇專家　「世界第二毒」差點奪命"
"1576034484-709","https://www.ettoday.net/news/news-list.htm","ET車雲","2019/12/10 12:05","特斯拉Semi勁敵來了　Nikola電動卡車具653匹、400km起續航力！"
"1576034484-229","https://www.ettoday.net/news/news-list.htm","國際","2019/12/10 21:42","大學醫院診間外「突然槍殺6人」　捷克42歲嫌逃3小時…車內自轟亡"
"1576034484-289","https://www.ettoday.net/news/news-list.htm","體育","2019/12/10 19:48","嘉市棒球賽明年改建　味全龍認養嗎？黃敏惠：尊重"
"1576034484-530","https://www.ettoday.net/news/news-list.htm","社會","2019/12/10 15:34","天菜正妹女警成月曆女郎　比空姐月曆還難搶！承辦人：缺貨別逼我！出不來"
"1576034484-170","https://www.ettoday.net/news/news-list.htm","生活","2019/12/11 00:23","咳嗽太大力！下秒「整坨小腸掉出體外」　醫急洗一洗塞回去"
"1576034484-348","https://www.ettoday.net/news/news-list.htm","體育","2019/12/10 18:41","田中賢介知道異國打拼辛苦！主動讓出3號　盼王柏融明年爆發"
"1576034484-161","https://www.ettoday.net/news/news-list.htm","生活","2019/12/11 01:21","身世坎坷超拼命！　外送員憶趣事笑了：很多女生看到我…就只圍浴巾取餐"
"1576034484-540","https://www.ettoday.net/news/news-list.htm","房產雲","2019/12/10 15:26","半夜洗衣！流浪漢捲曲睡　仙女妹「暖心舉動」：外面冷　網驚…害死商家"
"1576034484-442","https://www.ettoday.net/news/news-list.htm","生活","2019/12/10 17:01","小便完沖水！馬桶漂出「灰黑一坨」瞪圓眼　網看圖後悔了：被臭死"
"1576034484-649","https://www.ettoday.net/news/news-list.htm","財經","2019/12/10 13:19","科技業女力！美光女高階主管達13.5%　董事會占25%"
"1576034484-518","https://www.ettoday.net/news/news-list.htm","國際","2019/12/10 15:49","沉迷遊戲被碎唸　17歲少年跑到廚房持刀刺死警察父"
"1576034484-210","https://www.ettoday.net/news/news-list.htm","體育","2019/12/10 22:16","BE HEROES國際高中足球邀請賽　日本、土耳其參戰"
"1576034484-43","https://www.ettoday.net/news/news-list.htm","財經","2019/12/11 10:37","凱基投顧：台股明年高點將逼近10年來高峰　全年維持多頭表現"
"1576034484-723","https://www.ettoday.net/news/news-list.htm","社會","2019/12/10 11:53","釣客闖廢棄工寮小解…視線沿著尿跡「發現白骨」！警：是失蹤3個月的海巡中尉"
"1576034484-248","https://www.ettoday.net/news/news-list.htm","生活","2019/12/10 21:06","入館人數破100萬！「奇幻故宮」南院12/21開展　4大亮點搶先看"
"1576034484-5","https://www.ettoday.net/news/news-list.htm","旅遊","2019/12/11 11:17","星宇航空3航線價格曝光　2月後飛澳門、檳城望萬元有找"
"1576034484-355","https://www.ettoday.net/news/news-list.htm","影劇","2019/12/10 18:32","陳建隆曾甜喊：一輩子不忘老婆！　2個月後離婚陳子玄…公司曝「2歲兒監護權」進度"
"1576034484-25","https://www.ettoday.net/news/news-list.htm","3C家電","2019/12/11 10:54","Google揭曉台灣年度搜尋排行榜　台劇《與惡》居榜首、韓國瑜蟬聯人物榜首"
"1576034484-714","https://www.ettoday.net/news/news-list.htm","旅遊","2019/12/10 12:00","吃得到錦繡龍蝦！台北麻辣鍋升級海鮮食材　還有紅蟳飽滿鮮美"
"1576034484-451","https://www.ettoday.net/news/news-list.htm","生活","2019/12/10 16:49","貴還是要買！安卓轉戰iPhone「用過回不去」　網曝效能有差：i6現在還活跳跳"
"1576034484-114","https://www.ettoday.net/news/news-list.htm","影劇","2019/12/11 08:22","扯髮撞牆「右眼下被揍出大片瘀青」！　名模痛訴家暴過程…「夫家反應」讓她心寒"
"1576034484-106","https://www.ettoday.net/news/news-list.htm","影劇","2019/12/11 08:56","《PD101》第二季遺珠練習生：公開排名沒有意義！　「全都被利用而已」曝參賽真正心情"
"1576034484-126","https://www.ettoday.net/news/news-list.htm","國際","2019/12/11 07:35","一家4口「搭郵輪慶生」遇火山噴發　下落不明！懷特島仍8人失蹤"
"1576034484-386","https://www.ettoday.net/news/news-list.htm","體育","2019/12/10 17:52","在韓國1年收穫多！王維中：嘗試許多球路也學會卡特球"
"1576034484-95","https://www.ettoday.net/news/news-list.htm","體育","2019/12/11 09:16","Didi 1年1400萬美元加盟費城人　與恩師吉拉迪重逢"
"1576034484-11","https://www.ettoday.net/news/news-list.htm","國際","2019/12/11 11:10","比利時9歲神童輟學！　爸和荷蘭大學「掀戰」：直接去美攻讀電子工程學博士"
"1576034484-490","https://www.ettoday.net/news/news-list.htm","社會","2019/12/10 16:08","鹹濕企劃「5分鐘大挑戰」！女直播主性愛片外流　悲憤4天怒告：家人知道也不在乎"
"1576034484-140","https://www.ettoday.net/news/news-list.htm","國際","2019/12/11 06:32","孩子算誰的？36歲男「天生沒蛋」！　雙胞胎兄弟大方送一粒"
"1576034484-401","https://www.ettoday.net/news/news-list.htm","3C家電","2019/12/10 17:39","蘋果時隔28年重返CES！　2020年將與會討論保護消費者隱私議題"
"1576034484-713","https://www.ettoday.net/news/news-list.htm","政治","2019/12/10 12:03","3張圖看蔡英文公開行程　王淺秋轟「拿國家資源去廟拜拜」"
"1576034484-214","https://www.ettoday.net/news/news-list.htm","體育","2019/12/10 22:06","陳奎儒轉念前進奧運　手繪紅包鼓勵弱勢兒童"
"1576034484-48","https://www.ettoday.net/news/news-list.htm","影劇","2019/12/11 10:35","安海瑟薇爆秘產二胎！　甜蜜全家福外洩...美到不科學"
"1576034484-183","https://www.ettoday.net/news/news-list.htm","寵物動物","2019/12/10 23:34","臘腸拒絕在冬天外出尿尿　先伸爪肉身測溫度…下秒回沙發躺好"
"1576034484-550","https://www.ettoday.net/news/news-list.htm","體育","2019/12/10 15:14","ELEVEN SPORTS攻佔捷運站　打卡拍照送球票球衣"
"1576034484-388","https://www.ettoday.net/news/news-list.htm","國際","2019/12/10 17:51","「家人不知她生雙胞胎！」護理師偷抱初生女嬰送給阿姨"
"1576034484-642","https://www.ettoday.net/news/news-list.htm","體育","2019/12/10 13:28","SBL／籃協收回賽事製播權　李一中：盼曝光賽事能見度"
"1576034484-373","https://www.ettoday.net/news/news-list.htm","財經","2019/12/10 18:08","中小企業放款今年目標2700億提前達陣　這3家銀行增加最多"
"1576034484-76","https://www.ettoday.net/news/news-list.htm","旅遊","2019/12/11 10:00","金黃鮭魚飯糰神美味！台中日式早午餐　照燒雞腿焦嫰多汁"
"1576034484-109","https://www.ettoday.net/news/news-list.htm","生活","2019/12/11 08:49","知名女網國手「北醫0風險手術」害半身不遂　院方討300萬費用：撤告打對折"
"1576034484-195","https://www.ettoday.net/news/news-list.htm","軍武","2019/12/10 23:04","潛艦國造登上「小英辣政績圖文展」　網友怒了：用國防文包裝的消夜文！"
"1576034484-592","https://www.ettoday.net/news/news-list.htm","影劇","2019/12/10 14:39","「3年負債200萬！」　館長直播爆：老大要賣我媽媽房子…浪子回頭原因曝"
"1576034484-568","https://www.ettoday.net/news/news-list.htm","影劇","2019/12/10 15:02","《葉問4》還魂李小龍「寸拳打飛老外」　甄子丹：動作設計絕對新穎"
"1576034484-27","https://www.ettoday.net/news/news-list.htm","政治","2019/12/11 10:53","綠黨民調／蔡英文滑落至48.9%仍領先29%　47.1%害怕韓國瑜當選"
"1576034484-353","https://www.ettoday.net/news/news-list.htm","社會","2019/12/10 18:34","快訊／台中龍井住宅火警！1女命危、1男二度燒燙傷...家屬火場外焦急等待"
"1576034484-20","https://www.ettoday.net/news/news-list.htm","生活","2019/12/11 11:00","贈票／浮世繪來台開展　2020盛大登場"
"1576034484-91","https://www.ettoday.net/news/news-list.htm","軍武","2019/12/11 09:26","1243億乘以2艘！英國新世代航母「威爾斯親王號」正式服役　排水6.5萬噸"
"1576034484-597","https://www.ettoday.net/news/news-list.htm","社會","2019/12/10 14:34","台南關廟區民宅火警濃煙狂竄　波及鄰宅幸無人員傷亡"
"1576034484-158","https://www.ettoday.net/news/news-list.htm","大陸","2019/12/11 01:33","1.3億用戶團購電商1年就破產！　瘋狂燒錢補貼「負債69億」"
"1576034484-737","https://www.ettoday.net/news/news-list.htm","國際","2019/12/10 11:39","影／降半旗哀悼！紐西蘭火山爆發5死8失蹤　政府啟動特別簽證"
"1576034484-203","https://www.ettoday.net/news/news-list.htm","社會","2019/12/10 22:33","一家三口陪跑車…爸撞飛目睹妻和1歲幼女燒死！慟喊「老婆小孩還在車上」"
"1576034484-740","https://www.ettoday.net/news/news-list.htm","社會","2019/12/10 11:37","混淆候選人號次！國民黨造謠「蔡賴配投2號」　基進黨怒批無恥按鈴告發"
"1576034484-625","https://www.ettoday.net/news/news-list.htm","政治","2019/12/10 13:54","美麗島40週年　陳其邁嘆：許多人想法還像《返校》方芮欣「困在戒嚴」"
"1576034484-486","https://www.ettoday.net/news/news-list.htm","影劇","2019/12/10 16:15","韓媒爆：BTS準備告公司！　BigHit怒發「成員共同聲明」反嗆：到底什麼意圖？"
"1576034484-14","https://www.ettoday.net/news/news-list.htm","地方","2019/12/11 11:08","長照一條龍！家中老人生病免擔憂　出院到回家服務接軌無死角"
"1576034484-417","https://www.ettoday.net/news/news-list.htm","體育","2019/12/10 17:23","洛夫想到爭冠隊！美媒建議到籃網合體KD、KI　愛神健康受某總管質疑"
"1576034484-110","https://www.ettoday.net/news/news-list.htm","政治","2019/12/11 08:47","MOU讓貨出去了！韓國瑜：高雄前10月農產外銷激增191％"
"1576034484-218","https://www.ettoday.net/news/news-list.htm","體育","2019/12/10 21:58","冬盟／中職被日職白隊打爆　林威助感受到差異"
"1576034484-631","https://www.ettoday.net/news/news-list.htm","政治","2019/12/10 13:41","稱與中共政委會面「沒什麼了不起」　馬英九：跟習近平都見過面了"
"1576034484-324","https://www.ettoday.net/news/news-list.htm","體育","2019/12/10 19:12","高中鋁聯／國中非科班　育民林均宥、王政傑勵志的一戰"
"1576034484-363","https://www.ettoday.net/news/news-list.htm","體育","2019/12/10 18:22","CBA／林書豪3罰絕殺有爭議？對手還有0.6秒　北京10日退休吉喆戰袍"
"1576034484-679","https://www.ettoday.net/news/news-list.htm","消費","2019/12/10 12:40","重磅回歸！麥當勞極選「松露安格斯黑牛堡」回來了　加碼新松露雞腿堡必嚐鮮"
"1576034484-578","https://www.ettoday.net/news/news-list.htm","政治","2019/12/10 14:54","綠委轟陳玉珍、林奕華濫用醫療資源　謝佩芬籲選民下架作秀立委"
"1576034484-175","https://www.ettoday.net/news/news-list.htm","軍武","2019/12/11 00:09","「地表最強輕型坦克」首次外銷！　孟加拉軍購中國研發VT-5坦克"
"1576034484-779","https://www.ettoday.net/news/news-list.htm","政治","2019/12/10 11:01","「蔡賴配投2號」國民黨盜用後刪文　原著者怒了！網友喊告起來"
"1576034484-577","https://www.ettoday.net/news/news-list.htm","財經","2019/12/10 14:55","2020年台股「禍福相倚」　統一證歸納六大選股方向把握獲利關鍵"
"1576034484-643","https://www.ettoday.net/news/news-list.htm","論壇","2019/12/10 13:28","【卡神案】打開天窗說亮話，誰家沒有網軍？"
"1576034484-201","https://www.ettoday.net/news/news-list.htm","大陸","2019/12/10 22:42","美駐華使館緊咬人權　華春瑩：中國人民最有發言權"
"1576034484-521","https://www.ettoday.net/news/news-list.htm","地方","2019/12/10 15:45","警政宣導開麥拉　佳里警邀藝人梁佑南跨刀義演吸睛"
"1576034484-54","https://www.ettoday.net/news/news-list.htm","社會","2019/12/11 10:23","影／驚悚撞擊瞬間曝光！東海女大生闖紅燈　撞上左轉車「噴飛破頭」亡"
"1576034484-582","https://www.ettoday.net/news/news-list.htm","體育","2019/12/10 14:47","海沃德骨折僅休息1個月神速復出　攻14分助隊打爆騎士"
"1576034484-496","https://www.ettoday.net/news/news-list.htm","ET車雲","2019/12/10 16:05","出發探險去！Mini Countryman Deluxe豪華野營版169萬起上市"
"1576034484-185","https://www.ettoday.net/news/news-list.htm","影劇","2019/12/10 23:33","Juice Wrld機場「倒地抽搐」送醫後猝死　警方證實：飛機上搜出70磅大麻"
"1576034484-342","https://www.ettoday.net/news/news-list.htm","財經","2019/12/10 18:47","2019年卓越證券評比頒獎　元富獲最佳數位平台體驗及最佳CSR獎"
"1576034484-433","https://www.ettoday.net/news/news-list.htm","體育","2019/12/10 17:05","江少慶收日、韓合約　旅韓第一人王維中：看他自己"
"1576034484-138","https://www.ettoday.net/news/news-list.htm","社會","2019/12/11 06:34","五股倉庫深夜冒火　內衣、襪子等紡織品遭燒毀"
"1576034484-535","https://www.ettoday.net/news/news-list.htm","影劇","2019/12/10 15:29","151林彥君爆「耶誕禮物慘收垃圾」　打開傻眼：竟是吃剩雞翅骨！"
"1576034484-300","https://www.ettoday.net/news/news-list.htm","影劇","2019/12/10 19:38","謝金燕壓軸跨年被嫌過氣！　每天苦撐練習「身體熬出病」：大家喜歡一切都值得"
"1576034484-283","https://www.ettoday.net/news/news-list.htm","影劇","2019/12/10 20:00","吳卓源發片前衰遭駭客入侵　廁所「撞邪」...嚇到衝收驚"
"1576034484-402","https://www.ettoday.net/news/news-list.htm","財經","2019/12/10 17:39","外資大賣台指期多單8466口　分析師：觀望氣氛濃、等中美協議出爐再操作"
"1576034484-209","https://www.ettoday.net/news/news-list.htm","旅遊","2019/12/10 22:19","強強出擊！「福灣 X APUJAN」3款聯名巧克力限量開賣　私心推薦必吃款先筆記"
"1576034484-302","https://www.ettoday.net/news/news-list.htm","體育","2019/12/10 19:36","KD加持美國精品耳機　Master ＆ Dynamic推質感爆棚新色"
"1576034484-728","https://www.ettoday.net/news/news-list.htm","國際","2019/12/10 11:48","人權問題擺一邊！美國態度轉彎　要安理會商討「北韓升高挑釁可能性」"
"1576034484-450","https://www.ettoday.net/news/news-list.htm","健康","2019/12/10 16:50","久坐救星！每天一瓶蕃茄汁醫師遠離我　100%天然鮮甜讓網友激推：「想大喝特喝」"
"1576034484-396","https://www.ettoday.net/news/news-list.htm","生活","2019/12/10 17:43","估一年3萬人死於空汙！環團批PM2.5標準太寬　環保署：標準與日本一致"
"1576034484-320","https://www.ettoday.net/news/news-list.htm","時尚","2019/12/10 16:02","「穿襪睡覺」保暖又可治失眠　2重點要注意不然更慘"
"1576034484-511","https://www.ettoday.net/news/news-list.htm","地方","2019/12/10 15:53","「經濟創能」善用財政推動產業升級　台東縣政府宣佈釋出近萬坪土地"
"1576034484-774","https://www.ettoday.net/news/news-list.htm","生活","2019/12/10 11:06","【風電危國安1】台電掩護包商用陸貨　示範風場恐成賣台基地"
"1576034484-337","https://www.ettoday.net/news/news-list.htm","健康","2019/12/10 18:53","獨／高中男下課溜3C店待3小時「試用手機」　醫生曝驚人真相⋯無藥可醫"
"1576034484-308","https://www.ettoday.net/news/news-list.htm","體育","2019/12/10 19:23","回頭看「過去很幸福」　王星皓2019創多項紀錄：有驚喜有遺憾"
"1576034484-37","https://www.ettoday.net/news/news-list.htm","寵物動物","2019/12/11 10:46","中寮石虎躲農舍萌臉直盯！　農民驚喜通報：第一眼以為是貓"
"1576034484-77","https://www.ettoday.net/news/news-list.htm","消費","2019/12/11 10:00","用買菜錢入手精美珠寶　市價萬元「冰種翡翠觀音」百元即可擁有"
"1576034484-698","https://www.ettoday.net/news/news-list.htm","社會","2019/12/10 12:17","新竹虐貓閻王遭私刑！畫面曝光　纏厚重紗布現身：感受痛苦"
"1576034484-653","https://www.ettoday.net/news/news-list.htm","生活","2019/12/10 13:09","抓到了！北都有線電視少報4萬戶　實際達9萬7856台北市最大"
"1576034484-340","https://www.ettoday.net/news/news-list.htm","政治","2019/12/10 18:49","國防部寒假戰鬥營報名人數爆滿！錄取名單開放網路查詢"
"1576034484-152","https://www.ettoday.net/news/news-list.htm","國際","2019/12/11 02:51","正露丸氣味「苦怨纏人」！消費者悲憤求助　官方神回應被2萬人讚爆"
"1576034484-473","https://www.ettoday.net/news/news-list.htm","政治","2019/12/10 16:25","斷言韓國瑜恐輸200萬　黃暐瀚：柯文哲58萬票動向是關鍵"
"1576034484-645","https://www.ettoday.net/news/news-list.htm","政治","2019/12/10 13:23","合成韓國瑜不雅照原因…黃征輝「想幫打預防針」：怕換臉軟體誣陷人！"
"1576034484-119","https://www.ettoday.net/news/news-list.htm","國際","2019/12/11 08:02","土耳其和利比亞共劃「海上邊界」　艾爾段激怒希臘：探勘活動要經過我點頭"
"1576034484-554","https://www.ettoday.net/news/news-list.htm","大陸","2019/12/10 15:12","在海底撈過生日＝公開處刑！　網友怕爆：這才知道什麼叫壽星的卑微"
"1576034484-127","https://www.ettoday.net/news/news-list.htm","財經","2019/12/11 07:30","廣達、緯創11月營收增溫　和碩熄火"
"1576034484-493","https://www.ettoday.net/news/news-list.htm","政治","2019/12/10 16:06","韓競辦「總統大選狼人殺」！韓國瑜變「預言家」蔡英文成「女巫」"
"1576034484-103","https://www.ettoday.net/news/news-list.htm","政治","2019/12/11 09:01","段宜康斷3肋骨自嘲未被安排重症區　網友：一定是黃昭順沒推你"
"1576034484-742","https://www.ettoday.net/news/news-list.htm","國際","2019/12/10 11:35","美墨加協議又進展一步！　墨西哥「有條件」接受美對鋼鐵要求"
"1576034484-438","https://www.ettoday.net/news/news-list.htm","影劇","2019/12/10 17:03","威廉穩交卓君澤2年「有帶回家了！」　羞曝相識過程：結婚是追求目標"
"1576034484-522","https://www.ettoday.net/news/news-list.htm","社會","2019/12/10 15:45","內輪差惹禍！　高雄鳳山砂石車右轉「9旬不老騎士」受傷倒地"
"1576034484-204","https://www.ettoday.net/news/news-list.htm","國際","2019/12/10 22:30","日前防衛廳長官玉澤德一郎「住家旁遭槍擊」　高中同學帶槍投案！"
"1576034484-487","https://www.ettoday.net/news/news-list.htm","體育","2019/12/10 16:15","玫瑰0.3秒感動絕殺　羅斯：我生來就要幹這事"
"1576034484-395","https://www.ettoday.net/news/news-list.htm","房產雲","2019/12/10 17:44","嚐惡果！貴婦奈奈一家被通緝　大安區億元店面遭法拍"
"1576034484-455","https://www.ettoday.net/news/news-list.htm","旅遊","2019/12/10 16:46","浪漫光雕在新北！「百顆星星聖誕門、巨蛋雪屋」展至1/20"
"1576034484-98","https://www.ettoday.net/news/news-list.htm","社會","2019/12/11 09:14","神鬼夫婦「買私小董事」發大財！花4億賺9億落跑　害慘董座被追債"
"1576034484-22","https://www.ettoday.net/news/news-list.htm","社會","2019/12/11 10:58","首屆平冤影展　17個真實故事「如果沒有如果」人生可以翻轉"
"1576034484-572","https://www.ettoday.net/news/news-list.htm","旅遊","2019/12/10 15:00","老饕必點紅通通水煮魚！高雄創意四川料理　還有酥香銀絲卷"
"1576034484-66","https://www.ettoday.net/news/news-list.htm","大陸","2019/12/11 10:12","清潔工慘遭黑衣人飛磚擊頭死亡！港警「懸紅311萬元」緝兇"
"1576034484-440","https://www.ettoday.net/news/news-list.htm","大陸","2019/12/10 17:03","《禁蒙面法》正式失效！　香港上訴庭拒絕暫緩高院裁決...港警不能以此執法"
"1576034484-573","https://www.ettoday.net/news/news-list.htm","政治","2019/12/10 14:58","限量2000組　陳其邁賣萌開箱「毛孩同行組」　網友：「邁邁不要搶！」"
"1576034484-36","https://www.ettoday.net/news/news-list.htm","寵物動物","2019/12/11 10:46","命大！3個月愛貓鑽洗衣機「狂攪20分鐘」...媽CPR救回牠"
"1576034484-687","https://www.ettoday.net/news/news-list.htm","生活","2019/12/10 12:30","半夜衝宵夜！小老婆「滿臉冰裂紋」崩潰　過來人曝真相...駕駛淚：學到了"
"1576034484-777","https://www.ettoday.net/news/news-list.htm","政治","2019/12/10 11:05","快訊／養網軍變「四軍統帥」？　蔡英文大嘆：抹黑造謠都來自對手陣營"
"1576034484-26","https://www.ettoday.net/news/news-list.htm","政治","2019/12/11 10:53","蔡壁如爆參選2024　柯文哲：該做的準備還是有在做"
"1576034484-463","https://www.ettoday.net/news/news-list.htm","大陸","2019/12/10 16:38","林鄭月娥14日赴京述職！　不滿政治人物到海外「唱衰」香港"
"1576034484-381","https://www.ettoday.net/news/news-list.htm","體育","2019/12/10 17:56","CBA／陳盈駿當選11月最佳新銳球員　再戰豪哥盼好表現"
"1576034484-157","https://www.ettoday.net/news/news-list.htm","體育","2019/12/11 01:34","CBA／劉曉宇扣籃失手　林書豪：前90%都很漂亮"
"1576034484-674","https://www.ettoday.net/news/news-list.htm","影劇","2019/12/10 12:45","韓歐巴警告「不要在明洞吃路邊攤」　踢爆暗黑手法專坑觀光客！"
"1576034484-211","https://www.ettoday.net/news/news-list.htm","體育","2019/12/10 22:12","冬盟／成晉包辦雙安破4成打擊率　心態轉變成關鍵"
"1576034484-101","https://www.ettoday.net/news/news-list.htm","寵物動物","2019/12/11 09:06","膽小鸚鵡見「電動黃鳥」逼近　嚇到碎步倒彈：別靠近我"
"1576034484-498","https://www.ettoday.net/news/news-list.htm","寵物動物","2019/12/10 16:03","拔麻放閃自拍情侶照！　「單身柴」亂入緊扣小腿：抱抱我好嗎？"
"1576034484-611","https://www.ettoday.net/news/news-list.htm","旅遊","2019/12/10 14:16","老虎陪你搭火車！六家線超萌動物彩繪列車開跑　快來找河馬、獼猴"
"1576034484-45","https://www.ettoday.net/news/news-list.htm","體育","2019/12/11 10:37","東奧官網讚戴資穎是「歷史製造者」　還缺一面世界大賽獎牌"
"1576034484-294","https://www.ettoday.net/news/news-list.htm","政治","2019/12/10 19:42","柯文哲2024選總統　蔡壁如雙手比讚「應該會選」"
"1576034484-563","https://www.ettoday.net/news/news-list.htm","3C家電","2019/12/10 15:07","台本土OTT平台發威　奪下Google Play 2019二大獎"
"1576034484-772","https://www.ettoday.net/news/news-list.htm","社會","2019/12/10 11:10","史上最扯丟包！38年前遭跑船父關冰庫　他賭氣躲西班牙小島...想回台父已逝"
"1576034484-133","https://www.ettoday.net/news/news-list.htm","時尚","2019/12/11 07:00","2020年12星座運勢出爐！摩羯壓力累積相當可觀、水瓶感情財運都不順"
"1576034484-704","https://www.ettoday.net/news/news-list.htm","體育","2019/12/10 12:09","SBL／第17季轉播大轉彎　改由Eleven Sports接手"
"1576034484-205","https://www.ettoday.net/news/news-list.htm","影劇","2019/12/10 22:26","《野蠻遊戲》7500萬空降票房冠軍　凱倫吉蘭不怕山魈怕駱駝！崩潰喊：到底拍完沒"
"1576034484-626","https://www.ettoday.net/news/news-list.htm","房產雲","2019/12/10 13:53","等繼承透天！台南哥不結婚想「一輩子租屋」　網列2原因勸：單身更要買房"
"1576034484-281","https://www.ettoday.net/news/news-list.htm","財經","2019/12/10 20:08","影／「存股避開0050」財經教授獨排眾議！　提醒存股族要等股價夠低"
"1576034484-532","https://www.ettoday.net/news/news-list.htm","大陸","2019/12/10 15:33","假車禍撞出強迫真賣淫　遷安市公安高層和富商是嫖客！"
"1576034484-389","https://www.ettoday.net/news/news-list.htm","體育","2019/12/10 17:48","日職／張奕12強發光自爆去年險被開除　轉投手過的很苦"
"1576034484-136","https://www.ettoday.net/news/news-list.htm","影劇","2019/12/11 06:53","4年前爆偷吃…陶喆深夜載白腿妹回家！　「躲柱子後黏踢踢」親密互動全被拍"
"1576034484-703","https://www.ettoday.net/news/news-list.htm","保險","2019/12/10 12:10","「退休後最後悔3件事」專家曝光理財5大重要指標：投資收入錢賺錢　累積資產較快"
"1576034484-341","https://www.ettoday.net/news/news-list.htm","體育","2019/12/10 18:47","6搶1資格賽　張奕：我有意願但要看歐力士"
"1576034484-173","https://www.ettoday.net/news/news-list.htm","體育","2019/12/11 00:16","生涯最佳絕殺球擊墜火箭　巴利察：我們值得這場勝利"
"1576034484-167","https://www.ettoday.net/news/news-list.htm","財經","2019/12/11 00:53","捷運車廂變美了！元素週期表彩繪板南線亮相"
"1576034484-10","https://www.ettoday.net/news/news-list.htm","生活","2019/12/11 11:11","氣候變遷績效指標出爐！台灣倒數第3　環保署喊冤：許多數據不正確"
"1576034484-406","https://www.ettoday.net/news/news-list.htm","3C家電","2019/12/10 17:31","OPPO拚5G　未來3年擬砸70億美元打造「技術護城河」"
"1576034484-385","https://www.ettoday.net/news/news-list.htm","寵物動物","2019/12/10 17:53","海軍柴嚴肅臉「巡視沙灘」　看到情侶走上前：肉肉交出來！"
"1576034484-332","https://www.ettoday.net/news/news-list.htm","社會","2019/12/10 18:59","台3線南下116K處車禍！男疑車速過快自撞山壁...「卡水溝」送醫搶救亡"
"1576034484-680","https://www.ettoday.net/news/news-list.htm","政治","2019/12/10 12:39","韓國瑜毒品防制雙拳頭出狀況！　「毒防基金會」被爆欠薪2個月"
"1576034484-369","https://www.ettoday.net/news/news-list.htm","財經","2019/12/10 18:15","謝金河：當銀行老闆，不要當客戶！　金融股有豐厚殖利率、積小勝為大勝"
"1576034484-102","https://www.ettoday.net/news/news-list.htm","時尚","2019/12/11 09:02","沒在怕！韓妞搶著要「辣雞炒麵」唇膏　擦出辣歪的性感嘟嘟紅唇"
"1576034484-482","https://www.ettoday.net/news/news-list.htm","旅遊","2019/12/10 16:19","2020台灣燈會在台中！　交通大隊祭出護身口訣「12345」"
"1576034484-338","https://www.ettoday.net/news/news-list.htm","體育","2019/12/10 18:50","高中鋁聯／舒治浩先發、後援還敲滿貫砲　陽明擊敗美和"
"1576034484-555","https://www.ettoday.net/news/news-list.htm","大陸","2019/12/10 15:12","起底27歲「轉筆男神」！他出身名門擁有「魔鬼級手速」…網讚：魔幻神技"
"1576034484-339","https://www.ettoday.net/news/news-list.htm","健康","2019/12/10 18:49","70歲阿公無痛性血尿　檢查竟發現膀胱癌！"
"1576034484-491","https://www.ettoday.net/news/news-list.htm","政治","2019/12/10 16:07","藍委要「蘇貞昌踹共」！政院接陳情書：3天內答覆"
"1576034484-549","https://www.ettoday.net/news/news-list.htm","時尚","2019/12/10 15:15","CELINE超美小巧珠寶只在一家店獨賣！包包牆讓人想搜刮一波"
"1576034484-329","https://www.ettoday.net/news/news-list.htm","寵物動物","2019/12/10 19:04","「轟隆隆大物」狂逼近　薩摩耶犬嚇到往後跳：想偷我的棍子"
"1576034484-147","https://www.ettoday.net/news/news-list.htm","國際","2019/12/11 05:43","美中拚延後死限　白宮經濟顧問：關稅制裁仍在選項之內"
"1576034484-246","https://www.ettoday.net/news/news-list.htm","政治","2019/12/10 21:08","韓國瑜說的假民調是它！「寶X」最新民調蔡韓差距「持續擴大」"
"1576034484-383","https://www.ettoday.net/news/news-list.htm","消費","2019/12/10 17:55","「雙12」繼續買！各大通路祭下殺優惠　12元美式咖啡還可寄杯分批取貨"
"1576034484-96","https://www.ettoday.net/news/news-list.htm","健康","2019/12/11 09:16","「抬頭紋消失」當心神經麻痺！醫教「6大穴位」救面癱"
"1576034484-595","https://www.ettoday.net/news/news-list.htm","生活","2019/12/10 14:36","益品書屋抽10名全年免費入館！飲料無限、講座音樂會免費欣賞"
"1576034484-585","https://www.ettoday.net/news/news-list.htm","軍武","2019/12/10 14:42","快訊／智利C-130軍機起飛卻失聯！　機上載有38人"
"1576034484-191","https://www.ettoday.net/news/news-list.htm","影劇","2019/12/10 23:21","入圍影后照嗆聲！　莎莉賽隆砲轟金球獎「女導演0提名」：太荒謬"
"1576034484-243","https://www.ettoday.net/news/news-list.htm","影劇","2019/12/10 21:20","陳子玄10月合體陳建隆搭肩燦笑！　老公「妳在乎過我嗎」錄節目洩夫妻裂痕"
"1576034484-233","https://www.ettoday.net/news/news-list.htm","健康","2019/12/10 21:34","檸檬、蜂蜜治感冒？專家析「各自功效」有差...你也常喝了求心安？"
"1576034484-404","https://www.ettoday.net/news/news-list.htm","社會","2019/12/10 17:36","19歲女大生騎Gogoro與左轉轎車相撞　大量失血送醫急救不治"
"1576034484-267","https://www.ettoday.net/news/news-list.htm","影劇","2019/12/10 20:32","金球獎話題-1／《寄生上流》卡在1個條件「無法入圍最佳影片」"
"1576034484-693","https://www.ettoday.net/news/news-list.htm","論壇","2019/12/10 12:22","吳伯斯／台灣會「亂」，因為政治人物愛撒謊"
"1576034484-586","https://www.ettoday.net/news/news-list.htm","體育","2019/12/10 14:41","日職／傳承田中賢介改穿3號球衣   王柏融：非常光榮"
"1576034484-94","https://www.ettoday.net/news/news-list.htm","3C家電","2019/12/11 09:18","Apple再推iOS 13.3更新！　新增「通話限制」功能、停止顯示Memoji和Animoji"
"1576034484-761","https://www.ettoday.net/news/news-list.htm","財經","2019/12/10 11:18","和牛燒肉吸客奏效　乾杯集團前11月營收29.05億元史上新高"
"1576034484-671","https://www.ettoday.net/news/news-list.htm","生活","2019/12/10 12:48","高以翔驟逝...網傳「拍打手肘內側」可救心肌梗塞　醫師解答了"
"1576034484-503","https://www.ettoday.net/news/news-list.htm","旅遊","2019/12/10 15:59","重啟上帝的部落！司馬庫斯道路提早完工　即日起開放通行"
"1576034484-452","https://www.ettoday.net/news/news-list.htm","國際","2019/12/10 16:49","有賈伯斯親簽！「磁片」價錢直逼84台iPhone11　求職申請書賣17萬美元"
"1576034484-172","https://www.ettoday.net/news/news-list.htm","影劇","2019/12/11 00:18","阿嬌飛台力挺尪千萬醫美新店！　賴弘國自曝「求子進度」大讚老婆：基因好"
"1576034484-755","https://www.ettoday.net/news/news-list.htm","生活","2019/12/10 11:22","台日觀光逆差達286萬人⋯觀光局「消化式預算撒錢」　專家憂非長久之計"
"1576034484-691","https://www.ettoday.net/news/news-list.htm","生活","2019/12/10 12:23","快訊／花蓮12：13規模4.0地震！　最大震度4級"
"1576034484-354","https://www.ettoday.net/news/news-list.htm","影劇","2019/12/10 18:32","陳建隆曬「她的背影」情斷4年妻陳子玄！　苦嘆：今生註定不能夠有"
"1576034484-527","https://www.ettoday.net/news/news-list.htm","生活","2019/12/10 15:39","升空近半年！福衛七號釋出首波大氣觀測資料　即起供全球下載"
"1576034484-731","https://www.ettoday.net/news/news-list.htm","國際","2019/12/10 11:47","禁賽4年無緣東奧、世足賽！俄羅斯有21天選擇接受或上訴"
"1576034484-269","https://www.ettoday.net/news/news-list.htm","政治","2019/12/10 20:29","韓國瑜證實「黨中央沒補助」：從牙籤到雞腿都沒有　但我繼續勇敢走下去"
"1576034484-607","https://www.ettoday.net/news/news-list.htm","生活","2019/12/10 14:20","環球科大心願樹　傳遞耶誕禮物為家扶兒圓夢"
"1576034484-370","https://www.ettoday.net/news/news-list.htm","社會","2019/12/10 18:13","快訊／國防部軍營旁車禍！計程車直衝衛哨「反光鏡整根斷」...駕駛命危搶救中"
"1576034484-379","https://www.ettoday.net/news/news-list.htm","體育","2019/12/10 17:59","日職／扮女裝像夏宇童　張奕：個人覺得很噁心"
"1576034484-59","https://www.ettoday.net/news/news-list.htm","體育","2019/12/11 10:20","CBA／陳盈駿得11月新銳獎謙虛　戰完林書豪讚北京是強隊"
"1576034484-143","https://www.ettoday.net/news/news-list.htm","國際","2019/12/11 06:17","暗黑女神「明日花」接班人舊照起底！進場維修發大財　推特追蹤破55萬人"
"1576034484-730","https://www.ettoday.net/news/news-list.htm","寵物動物","2019/12/10 11:47","奴才放「小帽帽」在主子頭上　小弟貓一拳揮掉：敢對老大不敬？"
"1576034484-24","https://www.ettoday.net/news/news-list.htm","體育","2019/12/11 10:56","CBA／富蘭克林轟42分再加瘋狂大四喜　成史上第1人"
"1576034484-413","https://www.ettoday.net/news/news-list.htm","3C家電","2019/12/10 17:25","國外券商預測iPhone明年推6款新機！　稱iPhone 11 Pro(Max)減產25%...但大摩不認同"
"1576034484-420","https://www.ettoday.net/news/news-list.htm","時尚","2019/12/10 17:20","小資族必買台灣飾品！高質感「奧黛麗赫本項錬」純白珍珠美翻天"
"1576034484-323","https://www.ettoday.net/news/news-list.htm","財經","2019/12/10 19:13","7年首見！　上市櫃公司海外、大陸投資收益連3季雙衰退"
"1576034484-727","https://www.ettoday.net/news/news-list.htm","生活","2019/12/10 11:49","外送員上工8月！他把顧客暖心給的小費捐出：想讓愛傳下去"
"1576034484-579","https://www.ettoday.net/news/news-list.htm","體育","2019/12/10 14:52","高中鋁聯／陳銘亨後援5局無失分　南英2連勝進16強"
"1576034484-187","https://www.ettoday.net/news/news-list.htm","財經","2019/12/10 23:31","中小企業資金需求加持　中租前11月營收532億超越2018一整年"
"1576034484-285","https://www.ettoday.net/news/news-list.htm","政治","2019/12/10 19:57","馬英九砲轟「反滲透法」：掌權者羅織罪名、對付人民與政敵的工具"
"1576034484-752","https://www.ettoday.net/news/news-list.htm","國際","2019/12/10 11:26","好心幫老婆婆除草被雷劈　20歲男慘成焦屍「頭髮還在冒煙」"
"1576034484-61","https://www.ettoday.net/news/news-list.htm","健康","2019/12/11 10:18","高中姐妹花美腿爬滿「妊娠紋」！美白乳液惹禍　醫：類固醇別亂用"
"1576034484-358","https://www.ettoday.net/news/news-list.htm","影劇","2019/12/10 18:28","謝忻復出不到2個月...《聚音》火速收攤！　她狂練狼人殺「突被告知停錄」"
"1576034484-8","https://www.ettoday.net/news/news-list.htm","軍武","2019/12/11 11:13","共軍駐吉布地軍港「持續擴建」近完工！預計可停靠比「遼寧號」更大軍艦"
"1576034484-494","https://www.ettoday.net/news/news-list.htm","大陸","2019/12/10 16:06","飛機滑行將起飛！乘客得知「家人過世」要求倒退嚕...網戰翻"
"1576034484-75","https://www.ettoday.net/news/news-list.htm","消費","2019/12/11 10:00","歲末感恩熱銷回饋！洲際W「2019愛您依舊購屋紅包抽抽樂」"
"1576034484-601","https://www.ettoday.net/news/news-list.htm","體育","2019/12/10 14:32","火箭要求與馬刺「重賽」被否決　遭國王巴利察絕殺還被嗆：來抗議啊"
"1576034484-32","https://www.ettoday.net/news/news-list.htm","政治","2019/12/11 10:51","雲端最前線／柯、郭、宋陷矛盾？多選區彼此競爭恐自爆？"
"1576034484-743","https://www.ettoday.net/news/news-list.htm","財經","2019/12/10 11:34","台股上周奪外資吸金王寶座　2020年第1季展望正向可望淡季不淡"
"1576034484-576","https://www.ettoday.net/news/news-list.htm","社會","2019/12/10 14:56","妻兒遭人騙進深山還生3胎…10年後被警方找到！丈夫竟絕望變成「女生」"
"1576034484-260","https://www.ettoday.net/news/news-list.htm","財經","2019/12/10 20:46","一銀第一個海外分行　關島分行在地經營42年　喬遷精華區"
"1576034484-458","https://www.ettoday.net/news/news-list.htm","寵物動物","2019/12/10 16:43","愛貓每年撂倒聖誕樹！飼主出奇招霸氣壓制...結局神爆笑"
"1576034484-131","https://www.ettoday.net/news/news-list.htm","影劇","2019/12/11 07:00","郭彥甫流感攻心臟「劉畊宏即刻救援」　醫生：再晚兩小時就不行了"
"1576034484-489","https://www.ettoday.net/news/news-list.htm","寵物動物","2019/12/10 16:11","逮到偷吃貢丸！賊貓「雙手摀住」拒交　媽氣炸湯剩1顆：快還來"
"1576034484-241","https://www.ettoday.net/news/news-list.htm","大陸","2019/12/10 21:22","女友打一掌！27歲男「內臟移位」被打歪　斷層照慘烈曝光"
"1576034484-222","https://www.ettoday.net/news/news-list.htm","影劇","2019/12/10 21:50","桂綸鎂發燒仍折返跑「跑到虛脫」！胡歌：真的很佩服她"
"1576034484-221","https://www.ettoday.net/news/news-list.htm","體育","2019/12/10 21:51","CBA／林書豪22分8籃板7助攻領勝　陳盈駿同場繳19分9助攻"
"1576034484-239","https://www.ettoday.net/news/news-list.htm","影劇","2019/12/10 21:26","經典狂殺片重啟！《黑色聖誕節》欽點伊莫珍波茨殺出血路：2019最讚片名"
"1576034484-562","https://www.ettoday.net/news/news-list.htm","3C家電","2019/12/10 15:08","讓質感控從此回不去的紓壓精品　「溫煦燭光＋剔透音質」情境氛圍一次到位"
"1576034484-306","https://www.ettoday.net/news/news-list.htm","社會","2019/12/10 19:28","快訊／媽媽困火場亡！台中男「搶救失敗」崩潰…全身30%二度燒傷送醫"
"1576034484-105","https://www.ettoday.net/news/news-list.htm","房產雲","2019/12/11 09:00","大南港車程10分鐘內！　媲美香港半山景觀宅「天墅」掀換屋潮"
"1576034484-622","https://www.ettoday.net/news/news-list.htm","社會","2019/12/10 14:00","感謝有您！民眾熱捐42台「12導程心電圖機」　彰消救回36命"
"1576034484-416","https://www.ettoday.net/news/news-list.htm","影劇","2019/12/10 17:23","陳子玄簽字離婚！　斷開大14歲老公陳建隆…4年婚畫下句點"
"1576034484-125","https://www.ettoday.net/news/news-list.htm","影劇","2019/12/11 07:38","何如芸結婚1年就爆「老公8hrs連劈2女」！　他再被拍「專車載嫩妹」共吸一根菸"
"1576034484-541","https://www.ettoday.net/news/news-list.htm","影劇","2019/12/10 15:24","蔣欣「36歲少女凍齡」撇步曝光！　出道24年臉蛋都沒變：美就是要自然"
"1576034484-330","https://www.ettoday.net/news/news-list.htm","體育","2019/12/10 19:03","日職／明年成績好加高薪　張奕：我要他們等著看"
"1576034484-760","https://www.ettoday.net/news/news-list.htm","社會","2019/12/10 11:19","人夫喊「99.9%自由身」！小三嬌嗔：讓我喜歡你～正宮秒氣炸　自揭瘡疤猛復仇"
"1576034484-378","https://www.ettoday.net/news/news-list.htm","財經","2019/12/10 18:00","5G競標首日5大電信出手冷清　總標金僅267.74億元未達底標"
"1576034484-317","https://www.ettoday.net/news/news-list.htm","ET車雲","2019/12/10 16:05","出發探險去！Mini Countryman Deluxe豪華野營版169萬起上市"
"1576034484-481","https://www.ettoday.net/news/news-list.htm","社會","2019/12/10 16:19","原本下山要求婚...車卡山路叫拖吊「5千變1萬4」　怒向消保官投訴"
"1576034484-220","https://www.ettoday.net/news/news-list.htm","地方","2019/12/10 21:54","台中「高美濕地」風力發電機組　風一來…3支葉片瞬間秒遭吹斷墜落"
